"File","OldLinks"
"C:\Users\User\Localplumberswecare\backup\24hr-emergencies.html","0"
"C:\Users\User\Localplumberswecare\backup\24hr-plumbers-Birmingham.html","0"
"C:\Users\User\Localplumberswecare\backup\24hr-plumbers-Blackburn.html","0"
"C:\Users\User\Localplumberswecare\backup\24hr-plumbers-Blackpool.html","0"
"C:\Users\User\Localplumberswecare\backup\24hr-plumbers-Bradford.html","0"
"C:\Users\User\Localplumberswecare\backup\24hr-plumbers-Bristol.html","0"
"C:\Users\User\Localplumberswecare\backup\24hr-plumbers-Cardiff.html","0"
"C:\Users\User\Localplumberswecare\backup\24hr-plumbers-Chichester.html","0"
"C:\Users\User\Localplumberswecare\backup\24hr-plumbers-Coventry.html","0"
"C:\Users\User\Localplumberswecare\backup\24hr-plumbers-Derby.html","0"
"C:\Users\User\Localplumberswecare\backup\24hr-plumbers-Edinburgh.html","0"
"C:\Users\User\Localplumberswecare\backup\24hr-plumbers-Ely.html","0"
"C:\Users\User\Localplumberswecare\backup\24hr-plumbers-Exeter.html","0"
"C:\Users\User\Localplumberswecare\backup\24hr-plumbers-Glasgow.html","0"
"C:\Users\User\Localplumberswecare\backup\24hr-plumbers-Hereford.html","0"
"C:\Users\User\Localplumberswecare\backup\24hr-plumbers-Hull.html","0"
"C:\Users\User\Localplumberswecare\backup\24hr-plumbers-Inverness.html","0"
"C:\Users\User\Localplumberswecare\backup\24hr-plumbers-Kingston-upon-Thames.html","0"
"C:\Users\User\Localplumberswecare\backup\24hr-plumbers-Liverpool.html","0"
"C:\Users\User\Localplumberswecare\backup\24hr-plumbers-Londonderry.html","0"
"C:\Users\User\Localplumberswecare\backup\24hr-plumbers-Luton.html","0"
"C:\Users\User\Localplumberswecare\backup\24hr-plumbers-Milton-Keynes.html","0"
"C:\Users\User\Localplumberswecare\backup\24hr-plumbers-Newcastle.html","0"
"C:\Users\User\Localplumberswecare\backup\24hr-plumbers-Nottingham.html","0"
"C:\Users\User\Localplumberswecare\backup\24hr-plumbers-Peterborough.html","0"
"C:\Users\User\Localplumberswecare\backup\24hr-plumbers-Portsmouth.html","0"
"C:\Users\User\Localplumberswecare\backup\24hr-plumbers-Sheffield.html","0"
"C:\Users\User\Localplumberswecare\backup\24hr-plumbers-St-Albans.html","0"
"C:\Users\User\Localplumberswecare\backup\24hr-plumbers-Wakefield.html","0"
"C:\Users\User\Localplumberswecare\backup\24hr-plumbers-Wolverhampton.html","0"
"C:\Users\User\Localplumberswecare\backup\abbey-hills-boiler-repairs.html","0"
"C:\Users\User\Localplumberswecare\backup\abbey-hills-plumbers.html","0"
"C:\Users\User\Localplumberswecare\backup\about-Birmingham-plumbers.html","0"
"C:\Users\User\Localplumberswecare\backup\about-Blackburn-plumbers.html","0"
"C:\Users\User\Localplumberswecare\backup\about-Blackpool-plumbers.html","0"
"C:\Users\User\Localplumberswecare\backup\about-Bradford-plumbers.html","0"
"C:\Users\User\Localplumberswecare\backup\about-Bristol-plumbers.html","0"
"C:\Users\User\Localplumberswecare\backup\about-Cardiff-plumbers.html","0"
"C:\Users\User\Localplumberswecare\backup\about-Chichester-plumbers.html","0"
"C:\Users\User\Localplumberswecare\backup\about-Derby-plumbers.html","0"
"C:\Users\User\Localplumberswecare\backup\about-Edinburgh-plumbers.html","0"
"C:\Users\User\Localplumberswecare\backup\about-Ely-plumbers.html","0"
"C:\Users\User\Localplumberswecare\backup\about-Exeter-plumbers.html","0"
"C:\Users\User\Localplumberswecare\backup\about-Glasgow-plumbers.html","0"
"C:\Users\User\Localplumberswecare\backup\about-Hereford-plumbers.html","0"
"C:\Users\User\Localplumberswecare\backup\about-Hull-plumbers.html","0"
"C:\Users\User\Localplumberswecare\backup\about-Inverness-plumbers.html","0"
"C:\Users\User\Localplumberswecare\backup\about-Kingston-upon-Thames-plumbers.html","0"
"C:\Users\User\Localplumberswecare\backup\about-Liverpool-plumbers.html","0"
"C:\Users\User\Localplumberswecare\backup\about-Londonderry-plumbers.html","0"
"C:\Users\User\Localplumberswecare\backup\about-Luton-plumbers.html","0"
"C:\Users\User\Localplumberswecare\backup\about-Milton-Keynes-plumbers.html","0"
"C:\Users\User\Localplumberswecare\backup\about-Newcastle-plumbers.html","0"
"C:\Users\User\Localplumberswecare\backup\about-Nottingham-plumbers.html","0"
"C:\Users\User\Localplumberswecare\backup\about-Peterborough-plumbers.html","0"
"C:\Users\User\Localplumberswecare\backup\about-Portsmouth-plumbers.html","0"
"C:\Users\User\Localplumberswecare\backup\about-Sheffield-plumbers.html","0"
"C:\Users\User\Localplumberswecare\backup\about-St-Albans-plumbers.html","0"
"C:\Users\User\Localplumberswecare\backup\about-us.html","0"
"C:\Users\User\Localplumberswecare\backup\about-Wakefield-plumbers.html","0"
"C:\Users\User\Localplumberswecare\backup\about-Wolverhampton-plumbers.html","0"
"C:\Users\User\Localplumberswecare\backup\acton-bridge-plumbers.html","0"
"C:\Users\User\Localplumberswecare\backup\acton-plumbers.html","0"
"C:\Users\User\Localplumberswecare\backup\adlington-plumbers.html","0"
"C:\Users\User\Localplumberswecare\backup\agden-chester-plumbers.html","0"
"C:\Users\User\Localplumberswecare\backup\agden-macclesfield-plumbers.html","0"
"C:\Users\User\Localplumberswecare\backup\alderley-edge-plumbers.html","0"
"C:\Users\User\Localplumberswecare\backup\aldersey-plumbers.html","0"
"C:\Users\User\Localplumberswecare\backup\aldford-plumbers.html","0"
"C:\Users\User\Localplumberswecare\backup\allostock-plumbers.html","0"
"C:\Users\User\Localplumberswecare\backup\alpraham-plumbers.html","0"
"C:\Users\User\Localplumberswecare\backup\alsager-plumbers.html","0"
"C:\Users\User\Localplumberswecare\backup\altrincham-plumbers.html","0"
"C:\Users\User\Localplumberswecare\backup\alvanley-plumbers.html","0"
"C:\Users\User\Localplumberswecare\backup\ancoats-plumbers.html","0"
"C:\Users\User\Localplumberswecare\backup\anderton-with-marbury-plumbers.html","0"
"C:\Users\User\Localplumberswecare\backup\antrobus-plumbers.html","0"
"C:\Users\User\Localplumberswecare\backup\appleton-thorn-plumbers.html","0"
"C:\Users\User\Localplumberswecare\backup\arclid-plumbers.html","0"
"C:\Users\User\Localplumberswecare\backup\ardwick-plumbers.html","0"
"C:\Users\User\Localplumberswecare\backup\areas-we-cover.html","0"
"C:\Users\User\Localplumberswecare\backup\ashley-plumbers.html","0"
"C:\Users\User\Localplumberswecare\backup\ashton-hayes-plumbers.html","0"
"C:\Users\User\Localplumberswecare\backup\ashton-on-mersey-plumbers.html","0"
"C:\Users\User\Localplumberswecare\backup\ashton-under-lyne-plumbers.html","0"
"C:\Users\User\Localplumberswecare\backup\aston-by-budworth-plumbers.html","0"
"C:\Users\User\Localplumberswecare\backup\aston-by-sutton-plumbers.html","0"
"C:\Users\User\Localplumberswecare\backup\aston-juxtra-mondrum-plumbers.html","0"
"C:\Users\User\Localplumberswecare\backup\audenshaw-plumbers.html","0"
"C:\Users\User\Localplumberswecare\backup\audlem-plumbers.html","0"
"C:\Users\User\Localplumberswecare\backup\backford-plumbers.html","0"
"C:\Users\User\Localplumberswecare\backup\baddiley-plumbers.html","0"
"C:\Users\User\Localplumberswecare\backup\baguley-plumbers.html","0"
"C:\Users\User\Localplumberswecare\backup\bardsley-plumbers.html","0"
"C:\Users\User\Localplumberswecare\backup\barnton-plumbers.html","0"
"C:\Users\User\Localplumberswecare\backup\barthomley-plumbers.html","0"
"C:\Users\User\Localplumberswecare\backup\barton-plumbers.html","0"
"C:\Users\User\Localplumberswecare\backup\batherton-plumbers.html","0"
"C:\Users\User\Localplumberswecare\backup\bathroom-installations.html","0"
"C:\Users\User\Localplumberswecare\backup\beeston-plumbers.html","0"
"C:\Users\User\Localplumberswecare\backup\beswick-plumbers.html","0"
"C:\Users\User\Localplumberswecare\backup\bexton-plumbers.html","0"
"C:\Users\User\Localplumberswecare\backup\bickerton-plumbers.html","0"
"C:\Users\User\Localplumberswecare\backup\blackley-plumbers.html","0"
"C:\Users\User\Localplumberswecare\backup\blacon-plumbers.html","0"
"C:\Users\User\Localplumberswecare\backup\blog-single.html","0"
"C:\Users\User\Localplumberswecare\backup\blog.html","0"
"C:\Users\User\Localplumberswecare\backup\boiler-installation-Birmingham.html","0"
"C:\Users\User\Localplumberswecare\backup\boiler-installation-Blackburn.html","0"
"C:\Users\User\Localplumberswecare\backup\boiler-installation-Blackpool.html","0"
"C:\Users\User\Localplumberswecare\backup\boiler-installation-Bradford.html","0"
"C:\Users\User\Localplumberswecare\backup\boiler-installation-Bristol.html","0"
"C:\Users\User\Localplumberswecare\backup\boiler-installation-Cardiff.html","0"
"C:\Users\User\Localplumberswecare\backup\boiler-installation-Chester.html","0"
"C:\Users\User\Localplumberswecare\backup\boiler-installation-Chichester.html","0"
"C:\Users\User\Localplumberswecare\backup\boiler-installation-Coventry.html","0"
"C:\Users\User\Localplumberswecare\backup\boiler-installation-Edinburgh.html","0"
"C:\Users\User\Localplumberswecare\backup\boiler-installation-Ely.html","0"
"C:\Users\User\Localplumberswecare\backup\boiler-installation-Exeter.html","0"
"C:\Users\User\Localplumberswecare\backup\boiler-installation-Glasgow.html","0"
"C:\Users\User\Localplumberswecare\backup\boiler-installation-Hereford.html","0"
"C:\Users\User\Localplumberswecare\backup\boiler-installation-Hull.html","0"
"C:\Users\User\Localplumberswecare\backup\boiler-installation-Inverness.html","0"
"C:\Users\User\Localplumberswecare\backup\boiler-installation-Kingston-upon-Thames.html","0"
"C:\Users\User\Localplumberswecare\backup\boiler-installation-Liverpool.html","0"
"C:\Users\User\Localplumberswecare\backup\boiler-installation-Londonderry.html","0"
"C:\Users\User\Localplumberswecare\backup\boiler-installation-Luton.html","0"
"C:\Users\User\Localplumberswecare\backup\boiler-installation-manchester-stockport.html","0"
"C:\Users\User\Localplumberswecare\backup\boiler-installation-Milton-Keynes.html","0"
"C:\Users\User\Localplumberswecare\backup\boiler-installation-Newcastle.html","0"
"C:\Users\User\Localplumberswecare\backup\boiler-installation-Nottingham.html","0"
"C:\Users\User\Localplumberswecare\backup\boiler-installation-Peterborough.html","0"
"C:\Users\User\Localplumberswecare\backup\boiler-installation-Portsmouth.html","0"
"C:\Users\User\Localplumberswecare\backup\boiler-installation-Sheffield.html","0"
"C:\Users\User\Localplumberswecare\backup\boiler-installation-St-Albans.html","0"
"C:\Users\User\Localplumberswecare\backup\boiler-installation-Wakefield.html","0"
"C:\Users\User\Localplumberswecare\backup\boiler-installation-Wolverhampton.html","0"
"C:\Users\User\Localplumberswecare\backup\boiler-repairs-Birmingham.html","0"
"C:\Users\User\Localplumberswecare\backup\boiler-repairs-Blackburn.html","0"
"C:\Users\User\Localplumberswecare\backup\boiler-repairs-Blackpool.html","0"
"C:\Users\User\Localplumberswecare\backup\boiler-repairs-Bradford.html","0"
"C:\Users\User\Localplumberswecare\backup\boiler-repairs-Bristol.html","0"
"C:\Users\User\Localplumberswecare\backup\boiler-repairs-Cardiff.html","0"
"C:\Users\User\Localplumberswecare\backup\boiler-repairs-Chichester.html","0"
"C:\Users\User\Localplumberswecare\backup\boiler-repairs-Coventry.html","0"
"C:\Users\User\Localplumberswecare\backup\boiler-repairs-Derby.html","0"
"C:\Users\User\Localplumberswecare\backup\boiler-repairs-Edinburgh.html","0"
"C:\Users\User\Localplumberswecare\backup\boiler-repairs-Ely.html","0"
"C:\Users\User\Localplumberswecare\backup\boiler-repairs-Exeter.html","0"
"C:\Users\User\Localplumberswecare\backup\boiler-repairs-Glasgow.html","0"
"C:\Users\User\Localplumberswecare\backup\boiler-repairs-Hereford.html","0"
"C:\Users\User\Localplumberswecare\backup\boiler-repairs-Hull.html","0"
"C:\Users\User\Localplumberswecare\backup\boiler-repairs-Inverness.html","0"
"C:\Users\User\Localplumberswecare\backup\boiler-repairs-Kingston-upon-Thames.html","0"
"C:\Users\User\Localplumberswecare\backup\boiler-repairs-Liverpool.html","0"
"C:\Users\User\Localplumberswecare\backup\boiler-repairs-Londonderry.html","0"
"C:\Users\User\Localplumberswecare\backup\boiler-repairs-Luton.html","0"
"C:\Users\User\Localplumberswecare\backup\boiler-repairs-manchester-stockport.html","0"
"C:\Users\User\Localplumberswecare\backup\boiler-repairs-Milton-Keynes.html","0"
"C:\Users\User\Localplumberswecare\backup\boiler-repairs-Newcastle.html","0"
"C:\Users\User\Localplumberswecare\backup\boiler-repairs-Nottingham.html","0"
"C:\Users\User\Localplumberswecare\backup\boiler-repairs-Peterborough.html","0"
"C:\Users\User\Localplumberswecare\backup\boiler-repairs-Portsmouth.html","0"
"C:\Users\User\Localplumberswecare\backup\boiler-repairs-Sheffield.html","0"
"C:\Users\User\Localplumberswecare\backup\boiler-repairs-St-Albans.html","0"
"C:\Users\User\Localplumberswecare\backup\boiler-repairs-Wakefield.html","0"
"C:\Users\User\Localplumberswecare\backup\boiler-repairs-Wolverhampton.html","0"
"C:\Users\User\Localplumberswecare\backup\boiler-service-Birmingham.html","0"
"C:\Users\User\Localplumberswecare\backup\boiler-service-Blackburn.html","0"
"C:\Users\User\Localplumberswecare\backup\boiler-service-Blackpool.html","0"
"C:\Users\User\Localplumberswecare\backup\boiler-service-Bradford.html","0"
"C:\Users\User\Localplumberswecare\backup\boiler-service-Bristol.html","0"
"C:\Users\User\Localplumberswecare\backup\boiler-service-Cardiff.html","0"
"C:\Users\User\Localplumberswecare\backup\boiler-service-Chichester.html","0"
"C:\Users\User\Localplumberswecare\backup\boiler-service-Coventry.html","0"
"C:\Users\User\Localplumberswecare\backup\boiler-service-Derby.html","0"
"C:\Users\User\Localplumberswecare\backup\boiler-service-Edinburgh.html","0"
"C:\Users\User\Localplumberswecare\backup\boiler-service-Ely.html","0"
"C:\Users\User\Localplumberswecare\backup\boiler-service-Exeter.html","0"
"C:\Users\User\Localplumberswecare\backup\boiler-service-Glasgow.html","0"
"C:\Users\User\Localplumberswecare\backup\boiler-service-Hereford.html","0"
"C:\Users\User\Localplumberswecare\backup\boiler-service-Hull.html","0"
"C:\Users\User\Localplumberswecare\backup\boiler-service-Inverness.html","0"
"C:\Users\User\Localplumberswecare\backup\boiler-service-Kingston-upon-Thames.html","0"
"C:\Users\User\Localplumberswecare\backup\boiler-service-Liverpool.html","0"
"C:\Users\User\Localplumberswecare\backup\boiler-service-Londonderry.html","0"
"C:\Users\User\Localplumberswecare\backup\boiler-service-Luton.html","0"
"C:\Users\User\Localplumberswecare\backup\boiler-service-manchester-stockport.html","0"
"C:\Users\User\Localplumberswecare\backup\boiler-service-Milton-Keynes.html","0"
"C:\Users\User\Localplumberswecare\backup\boiler-service-Newcastle.html","0"
"C:\Users\User\Localplumberswecare\backup\boiler-service-Nottingham.html","0"
"C:\Users\User\Localplumberswecare\backup\boiler-service-Peterborough.html","0"
"C:\Users\User\Localplumberswecare\backup\boiler-service-Portsmouth.html","0"
"C:\Users\User\Localplumberswecare\backup\boiler-service-Sheffield.html","0"
"C:\Users\User\Localplumberswecare\backup\boiler-service-St-Albans.html","0"
"C:\Users\User\Localplumberswecare\backup\boiler-service-Wakefield.html","0"
"C:\Users\User\Localplumberswecare\backup\bollington-plumbers.html","0"
"C:\Users\User\Localplumberswecare\backup\bosley-plumbers.html","0"
"C:\Users\User\Localplumberswecare\backup\bowdon-plumbers.html","0"
"C:\Users\User\Localplumberswecare\backup\bradwall-plumbers.html","0"
"C:\Users\User\Localplumberswecare\backup\bramhall-plumbers.html","0"
"C:\Users\User\Localplumberswecare\backup\bredbury-plumbers.html","0"
"C:\Users\User\Localplumberswecare\backup\brereton-plumbers.html","0"
"C:\Users\User\Localplumberswecare\backup\brinnington-plumbers.html","0"
"C:\Users\User\Localplumberswecare\backup\broadheath-plumbers.html","0"
"C:\Users\User\Localplumberswecare\backup\brooklands-plumbers.html","0"
"C:\Users\User\Localplumberswecare\backup\broughton-plumbers.html","0"
"C:\Users\User\Localplumberswecare\backup\broxton-plumbers.html","0"
"C:\Users\User\Localplumberswecare\backup\bruera-plumbers.html","0"
"C:\Users\User\Localplumberswecare\backup\bucklow-hill-plumbers.html","0"
"C:\Users\User\Localplumberswecare\backup\bucklow-st-martins-plumbers.html","0"
"C:\Users\User\Localplumberswecare\backup\buerton-plumbers.html","0"
"C:\Users\User\Localplumberswecare\backup\bunbury-plumbers.html","0"
"C:\Users\User\Localplumberswecare\backup\burnage-plumbers.html","0"
"C:\Users\User\Localplumberswecare\backup\burton-near-neston-plumbers.html","0"
"C:\Users\User\Localplumberswecare\backup\burton-near-tarporley-plumbers.html","0"
"C:\Users\User\Localplumberswecare\backup\burwardsley-plumbers.html","0"
"C:\Users\User\Localplumberswecare\backup\byley-plumbers.html","0"
"C:\Users\User\Localplumberswecare\backup\cadishead-plumbers.html","0"
"C:\Users\User\Localplumberswecare\backup\cale-green-plumbers.html","0"
"C:\Users\User\Localplumberswecare\backup\capenhurst-plumbers.html","0"
"C:\Users\User\Localplumberswecare\backup\central-heating-repairs.html","0"
"C:\Users\User\Localplumberswecare\backup\charlestown-plumbers.html","0"
"C:\Users\User\Localplumberswecare\backup\cheadle-heath-plumbers.html","0"
"C:\Users\User\Localplumberswecare\backup\cheadle-hulme-plumbers.html","0"
"C:\Users\User\Localplumberswecare\backup\cheadle-plumbers.html","0"
"C:\Users\User\Localplumberswecare\backup\cheetham-hill-plumbers.html","0"
"C:\Users\User\Localplumberswecare\backup\chelford-plumbers.html","0"
"C:\Users\User\Localplumberswecare\backup\cheshire-plumbers.html","0"
"C:\Users\User\Localplumberswecare\backup\chester-plumbers.html","0"
"C:\Users\User\Localplumberswecare\backup\cholmondeley-plumbers.html","0"
"C:\Users\User\Localplumberswecare\backup\cholmondeston-plumbers.html","0"
"C:\Users\User\Localplumberswecare\backup\chorley-plumbers.html","0"
"C:\Users\User\Localplumberswecare\backup\chorlton-plumbers.html","0"
"C:\Users\User\Localplumberswecare\backup\christleton-plumbers.html","0"
"C:\Users\User\Localplumberswecare\backup\churton-plumbers.html","0"
"C:\Users\User\Localplumberswecare\backup\clayton-plumbers.html","0"
"C:\Users\User\Localplumberswecare\backup\clutton-plumbers.html","0"
"C:\Users\User\Localplumberswecare\backup\coldhurst-plumbers.html","0"
"C:\Users\User\Localplumberswecare\backup\collyhurst-plumbers.html","0"
"C:\Users\User\Localplumberswecare\backup\comberbach-plumbers.html","0"
"C:\Users\User\Localplumberswecare\backup\commercial-boiler-installation-manchester.html","0"
"C:\Users\User\Localplumberswecare\backup\commercial-boiler-repairs-manchester.html","0"
"C:\Users\User\Localplumberswecare\backup\commercial-drains.html","0"
"C:\Users\User\Localplumberswecare\backup\Commercial-Plumbing-and-Heating.html","0"
"C:\Users\User\Localplumberswecare\backup\complaints-procedure.html","0"
"C:\Users\User\Localplumberswecare\backup\congleton-plumbers.html","0"
"C:\Users\User\Localplumberswecare\backup\contact-Birmingham-plumbers.html","0"
"C:\Users\User\Localplumberswecare\backup\contact-Blackburn-plumbers.html","0"
"C:\Users\User\Localplumberswecare\backup\contact-Blackpool-plumbers.html","0"
"C:\Users\User\Localplumberswecare\backup\contact-Bradford-plumbers.html","0"
"C:\Users\User\Localplumberswecare\backup\contact-Bristol-plumbers.html","0"
"C:\Users\User\Localplumberswecare\backup\contact-Cardiff-plumbers.html","0"
"C:\Users\User\Localplumberswecare\backup\contact-Chichester-plumbers.html","0"
"C:\Users\User\Localplumberswecare\backup\contact-Derby-plumbers.html","0"
"C:\Users\User\Localplumberswecare\backup\contact-Edinburgh-plumbers.html","0"
"C:\Users\User\Localplumberswecare\backup\contact-Ely-plumbers.html","0"
"C:\Users\User\Localplumberswecare\backup\contact-Exeter-plumbers.html","0"
"C:\Users\User\Localplumberswecare\backup\contact-Glasgow-plumbers.html","0"
"C:\Users\User\Localplumberswecare\backup\contact-Hereford-plumbers.html","0"
"C:\Users\User\Localplumberswecare\backup\contact-Hull-plumbers.html","0"
"C:\Users\User\Localplumberswecare\backup\contact-Inverness-plumbers.html","0"
"C:\Users\User\Localplumberswecare\backup\contact-Kingston-upon-Thames-plumbers.html","0"
"C:\Users\User\Localplumberswecare\backup\contact-Liverpool-plumbers.html","0"
"C:\Users\User\Localplumberswecare\backup\contact-Londonderry-plumbers.html","0"
"C:\Users\User\Localplumberswecare\backup\contact-Luton-plumbers.html","0"
"C:\Users\User\Localplumberswecare\backup\contact-Milton-Keynes-plumbers.html","0"
"C:\Users\User\Localplumberswecare\backup\contact-Newcastle-plumbers.html","0"
"C:\Users\User\Localplumberswecare\backup\contact-Nottingham-plumbers.html","0"
"C:\Users\User\Localplumberswecare\backup\contact-Peterborough-plumbers.html","0"
"C:\Users\User\Localplumberswecare\backup\contact-Portsmouth-plumbers.html","0"
"C:\Users\User\Localplumberswecare\backup\contact-Sheffield-plumbers.html","0"
"C:\Users\User\Localplumberswecare\backup\contact-St-Albans-plumbers.html","0"
"C:\Users\User\Localplumberswecare\backup\contact-Wakefield-plumbers.html","0"
"C:\Users\User\Localplumberswecare\backup\contact-Wolverhampton-plumbers.html","0"
"C:\Users\User\Localplumberswecare\backup\contact.html","0"
"C:\Users\User\Localplumberswecare\backup\coole-pilate-plumbers.html","0"
"C:\Users\User\Localplumberswecare\backup\coppice-plumbers.html","0"
"C:\Users\User\Localplumberswecare\backup\copster-hill-plumbers.html","0"
"C:\Users\User\Localplumberswecare\backup\cranage-plumbers.html","0"
"C:\Users\User\Localplumberswecare\backup\crewe-green-plumbers.html","0"
"C:\Users\User\Localplumberswecare\backup\crewe-plumbers.html","0"
"C:\Users\User\Localplumberswecare\backup\crowton-plumbers.html","0"
"C:\Users\User\Localplumberswecare\backup\crumpsall-plumbers.html","0"
"C:\Users\User\Localplumberswecare\backup\cuddington-plumbers.html","0"
"C:\Users\User\Localplumberswecare\backup\daresbury-plumbers.html","0"
"C:\Users\User\Localplumberswecare\backup\darnhall-plumbers.html","0"
"C:\Users\User\Localplumberswecare\backup\davenham-plumbers.html","0"
"C:\Users\User\Localplumberswecare\backup\davenport-plumbers.html","0"
"C:\Users\User\Localplumberswecare\backup\davyhulme-east-plumbers.html","0"
"C:\Users\User\Localplumberswecare\backup\davyhulme-west-plumbers.html","0"
"C:\Users\User\Localplumberswecare\backup\dawpool-plumbers.html","0"
"C:\Users\User\Localplumberswecare\backup\delamere-plumbers.html","0"
"C:\Users\User\Localplumberswecare\backup\denton-plumbers.html","0"
"C:\Users\User\Localplumberswecare\backup\derker-plumbers.html","0"
"C:\Users\User\Localplumberswecare\backup\didsbury-plumbers.html","0"
"C:\Users\User\Localplumberswecare\backup\disley-plumbers.html","0"
"C:\Users\User\Localplumberswecare\backup\dodleston-plumbers.html","0"
"C:\Users\User\Localplumberswecare\backup\droylsden-plumbers.html","0"
"C:\Users\User\Localplumberswecare\backup\dukinfield-plumbers.html","0"
"C:\Users\User\Localplumberswecare\backup\dunham-on-the-hill-plumbers.html","0"
"C:\Users\User\Localplumberswecare\backup\dutton-plumbers.html","0"
"C:\Users\User\Localplumberswecare\backup\eaton-plumbers.html","0"
"C:\Users\User\Localplumberswecare\backup\eccles-plumbers.html","0"
"C:\Users\User\Localplumberswecare\backup\eccleston-plumbers.html","0"
"C:\Users\User\Localplumberswecare\backup\edgeley-plumbers.html","0"
"C:\Users\User\Localplumberswecare\backup\ellesmere-port-plumbers.html","0"
"C:\Users\User\Localplumberswecare\backup\elton-plumbers.html","0"
"C:\Users\User\Localplumberswecare\backup\elworth-plumbers.html","0"
"C:\Users\User\Localplumberswecare\backup\emergency-plumber-Coventry.html","0"
"C:\Users\User\Localplumberswecare\backup\emergency-plumber-Manchester.html","0"
"C:\Users\User\Localplumberswecare\backup\engineers.html","0"
"C:\Users\User\Localplumberswecare\backup\engineers_steve.html","0"
"C:\Users\User\Localplumberswecare\backup\englesea-brook-plumbers.html","0"
"C:\Users\User\Localplumberswecare\backup\ettiley-heath-plumbers.html","0"
"C:\Users\User\Localplumberswecare\backup\fallowfield-plumbers.html","0"
"C:\Users\User\Localplumberswecare\backup\farndon-plumbers.html","0"
"C:\Users\User\Localplumberswecare\backup\farnworth-plumbers.html","0"
"C:\Users\User\Localplumberswecare\backup\fitton-hill-plumbers.html","0"
"C:\Users\User\Localplumberswecare\backup\fitton-hills-plumbers.html","0"
"C:\Users\User\Localplumberswecare\backup\flixton-plumbers.html","0"
"C:\Users\User\Localplumberswecare\backup\freehold-plumbers.html","0"
"C:\Users\User\Localplumberswecare\backup\frodsham-plumbers.html","0"
"C:\Users\User\Localplumberswecare\backup\garden-suburbs-plumbers.html","0"
"C:\Users\User\Localplumberswecare\backup\gatley-plumbers.html","0"
"C:\Users\User\Localplumberswecare\backup\gawsworth-plumbers.html","0"
"C:\Users\User\Localplumberswecare\backup\google3722133edbdde0ef.html","0"
"C:\Users\User\Localplumberswecare\backup\google928e5008bbcc1e4a.html","0"
"C:\Users\User\Localplumberswecare\backup\googlea6ad6b9eeed0542f.html","0"
"C:\Users\User\Localplumberswecare\backup\googlecb3d2604deae7fe5.html","0"
"C:\Users\User\Localplumberswecare\backup\goostrey-plumbers.html","0"
"C:\Users\User\Localplumberswecare\backup\gorse-hill-plumbers.html","0"
"C:\Users\User\Localplumberswecare\backup\gorton-plumbers.html","0"
"C:\Users\User\Localplumberswecare\backup\grappenhall-plumbers.html","0"
"C:\Users\User\Localplumberswecare\backup\great-budworth-plumbers.html","0"
"C:\Users\User\Localplumberswecare\backup\great-sutton-plumbers.html","0"
"C:\Users\User\Localplumberswecare\backup\great-warford-plumbers.html","0"
"C:\Users\User\Localplumberswecare\backup\greenacres-plumbers.html","0"
"C:\Users\User\Localplumberswecare\backup\guilden-sutton-plumbers.html","0"
"C:\Users\User\Localplumberswecare\backup\hale-barns-plumbers.html","0"
"C:\Users\User\Localplumberswecare\backup\hale-plumbers.html","0"
"C:\Users\User\Localplumberswecare\backup\handforth-plumbers.html","0"
"C:\Users\User\Localplumberswecare\backup\handley-plumbers.html","0"
"C:\Users\User\Localplumberswecare\backup\hargrave-plumbers.html","0"
"C:\Users\User\Localplumberswecare\backup\harpurhey-plumbers.html","0"
"C:\Users\User\Localplumberswecare\backup\hartford-plumbers.html","0"
"C:\Users\User\Localplumberswecare\backup\haslington-plumbers.html","0"
"C:\Users\User\Localplumberswecare\backup\hathershaw-plumbers.html","0"
"C:\Users\User\Localplumberswecare\backup\hatherton-plumbers.html","0"
"C:\Users\User\Localplumberswecare\backup\hatton-plumbers.html","0"
"C:\Users\User\Localplumberswecare\backup\hazel-grove-plumbers.html","0"
"C:\Users\User\Localplumberswecare\backup\heald-green-plumbers.html","0"
"C:\Users\User\Localplumberswecare\backup\heaton-chapel-plumbers.html","0"
"C:\Users\User\Localplumberswecare\backup\heaton-mersey-plumbers.html","0"
"C:\Users\User\Localplumberswecare\backup\heaton-moor-plumbers.html","0"
"C:\Users\User\Localplumberswecare\backup\heaton-norris-plumbers.html","0"
"C:\Users\User\Localplumberswecare\backup\helpful-info.html","0"
"C:\Users\User\Localplumberswecare\backup\helsby-plumbers.html","0"
"C:\Users\User\Localplumberswecare\backup\henbury-plumbers.html","0"
"C:\Users\User\Localplumberswecare\backup\high-lane-plumbers.html","0"
"C:\Users\User\Localplumberswecare\backup\high-legh-plumbers.html","0"
"C:\Users\User\Localplumberswecare\backup\higher-whitley-plumbers.html","0"
"C:\Users\User\Localplumberswecare\backup\hollins-plumbers.html","0"
"C:\Users\User\Localplumberswecare\backup\hollinwood-plumbers.html","0"
"C:\Users\User\Localplumberswecare\backup\holmes-chapel-plumbers.html","0"
"C:\Users\User\Localplumberswecare\backup\hoole-plumbers.html","0"
"C:\Users\User\Localplumberswecare\backup\hulme-plumbers.html","0"
"C:\Users\User\Localplumberswecare\backup\hunsterson-plumbers.html","0"
"C:\Users\User\Localplumberswecare\backup\huntington-plumbers.html","0"
"C:\Users\User\Localplumberswecare\backup\huxley-plumbers.html","0"
"C:\Users\User\Localplumberswecare\backup\hyde-plumbers.html","0"
"C:\Users\User\Localplumberswecare\backup\ince-plumbers.html","0"
"C:\Users\User\Localplumberswecare\backup\index.html","0"
"C:\Users\User\Localplumberswecare\backup\info.html","0"
"C:\Users\User\Localplumberswecare\backup\irlam-plumbers.html","0"
"C:\Users\User\Localplumberswecare\backup\irwell-plumbers.html","0"
"C:\Users\User\Localplumberswecare\backup\jobs.html","0"
"C:\Users\User\Localplumberswecare\backup\kelsall-plumbers.html","0"
"C:\Users\User\Localplumberswecare\backup\kerridge-plumbers.html","0"
"C:\Users\User\Localplumberswecare\backup\kersal-plumbers.html","0"
"C:\Users\User\Localplumberswecare\backup\kettleshulme-plumbers.html","0"
"C:\Users\User\Localplumberswecare\backup\kingsley-plumbers.html","0"
"C:\Users\User\Localplumberswecare\backup\kitchen-sink-plumbing.html","0"
"C:\Users\User\Localplumberswecare\backup\knutsford-plumbers.html","0"
"C:\Users\User\Localplumberswecare\backup\lacey-green-plumbers.html","0"
"C:\Users\User\Localplumberswecare\backup\lach-dennis-plumbers.html","0"
"C:\Users\User\Localplumberswecare\backup\langley-plumbers.html","0"
"C:\Users\User\Localplumberswecare\backup\langworthy-plumbers.html","0"
"C:\Users\User\Localplumberswecare\backup\latchford-plumbers.html","0"
"C:\Users\User\Localplumberswecare\backup\ledsham-plumbers.html","0"
"C:\Users\User\Localplumberswecare\backup\leftwich-plumbers.html","0"
"C:\Users\User\Localplumberswecare\backup\levenshulme-plumbers.html","0"
"C:\Users\User\Localplumberswecare\backup\limeside-plumbers.html","0"
"C:\Users\User\Localplumberswecare\backup\little-bollington-plumbers.html","0"
"C:\Users\User\Localplumberswecare\backup\little-budworth-plumbers.html","0"
"C:\Users\User\Localplumberswecare\backup\little-hulton-plumbers.html","0"
"C:\Users\User\Localplumberswecare\backup\little-leigh-plumbers.html","0"
"C:\Users\User\Localplumberswecare\backup\little-neston-plumbers.html","0"
"C:\Users\User\Localplumberswecare\backup\little-sutton-plumbers.html","0"
"C:\Users\User\Localplumberswecare\backup\little-warford-plumbers.html","0"
"C:\Users\User\Localplumberswecare\backup\littleton-plumbers.html","0"
"C:\Users\User\Localplumberswecare\backup\locksmiths-sub-contractor-jobs.html","0"
"C:\Users\User\Localplumberswecare\backup\longdendale-plumbers.html","0"
"C:\Users\User\Localplumberswecare\backup\longford-plumbers.html","0"
"C:\Users\User\Localplumberswecare\backup\longsight-plumbers.html","0"
"C:\Users\User\Localplumberswecare\backup\lostock-gralam-plumbers.html","0"
"C:\Users\User\Localplumberswecare\backup\lower-peover-plumbers.html","0"
"C:\Users\User\Localplumberswecare\backup\lower-whitley-plumbers.html","0"
"C:\Users\User\Localplumberswecare\backup\lower-withington-plumbers.html","0"
"C:\Users\User\Localplumberswecare\backup\lymm-plumbers.html","0"
"C:\Users\User\Localplumberswecare\backup\macclesfield-plumbers.html","0"
"C:\Users\User\Localplumberswecare\backup\main.html","0"
"C:\Users\User\Localplumberswecare\backup\malpas-plumbers.html","0"
"C:\Users\User\Localplumberswecare\backup\manchester-commercial-boiler-service.html","0"
"C:\Users\User\Localplumberswecare\backup\manchester-commercial-heating-services.html","0"
"C:\Users\User\Localplumberswecare\backup\manchester-commercial-plumbers.html","0"
"C:\Users\User\Localplumberswecare\backup\manchester-plumbers.html","0"
"C:\Users\User\Localplumberswecare\backup\manley-plumbers.html","0"
"C:\Users\User\Localplumberswecare\backup\marple-plumbers.html","0"
"C:\Users\User\Localplumberswecare\backup\marston-plumbers.html","0"
"C:\Users\User\Localplumberswecare\backup\marthall-plumbers.html","0"
"C:\Users\User\Localplumberswecare\backup\marton-plumbers.html","0"
"C:\Users\User\Localplumberswecare\backup\medhurst-green-plumbers.html","0"
"C:\Users\User\Localplumberswecare\backup\mere-plumbers.html","0"
"C:\Users\User\Localplumberswecare\backup\mickle-trafford-plumbers.html","0"
"C:\Users\User\Localplumberswecare\backup\middlewich-plumbers.html","0"
"C:\Users\User\Localplumberswecare\backup\miles-platting-plumbers.html","0"
"C:\Users\User\Localplumberswecare\backup\millington-plumbers.html","0"
"C:\Users\User\Localplumberswecare\backup\mobberley-plumbers.html","0"
"C:\Users\User\Localplumberswecare\backup\mollington-plumbers.html","0"
"C:\Users\User\Localplumberswecare\backup\monton-plumbers.html","0"
"C:\Users\User\Localplumberswecare\backup\moore-plumbers.html","0"
"C:\Users\User\Localplumberswecare\backup\moorside-plumbers.html","0"
"C:\Users\User\Localplumberswecare\backup\moss-nook-plumbers.html","0"
"C:\Users\User\Localplumberswecare\backup\moss-side-plumbers.html","0"
"C:\Users\User\Localplumberswecare\backup\mossley-plumbers.html","0"
"C:\Users\User\Localplumberswecare\backup\moston-plumbers.html","0"
"C:\Users\User\Localplumberswecare\backup\mottram-st-andrew-plumbers.html","0"
"C:\Users\User\Localplumberswecare\backup\mouldsworth-plumbers.html","0"
"C:\Users\User\Localplumberswecare\backup\moulton-plumbers.html","0"
"C:\Users\User\Localplumberswecare\backup\nantwich-plumbers.html","0"
"C:\Users\User\Localplumberswecare\backup\ness-plumbers.html","0"
"C:\Users\User\Localplumberswecare\backup\neston-plumbers.html","0"
"C:\Users\User\Localplumberswecare\backup\nether-alderley-plumbers.html","0"
"C:\Users\User\Localplumberswecare\backup\new-boiler-abbey-hills.html","0"
"C:\Users\User\Localplumberswecare\backup\new-boiler-acton-bridge.html","0"
"C:\Users\User\Localplumberswecare\backup\new-boiler-acton.html","0"
"C:\Users\User\Localplumberswecare\backup\new-boiler-adlington.html","0"
"C:\Users\User\Localplumberswecare\backup\new-boiler-agden-chester.html","0"
"C:\Users\User\Localplumberswecare\backup\new-boiler-agden-macclesfield.html","0"
"C:\Users\User\Localplumberswecare\backup\new-boiler-alderley-edge.html","0"
"C:\Users\User\Localplumberswecare\backup\new-boiler-aldersey.html","0"
"C:\Users\User\Localplumberswecare\backup\new-boiler-aldford.html","0"
"C:\Users\User\Localplumberswecare\backup\new-boiler-allostock.html","0"
"C:\Users\User\Localplumberswecare\backup\new-boiler-alpraham.html","0"
"C:\Users\User\Localplumberswecare\backup\new-boiler-alsager.html","0"
"C:\Users\User\Localplumberswecare\backup\new-boiler-altrincham.html","0"
"C:\Users\User\Localplumberswecare\backup\new-boiler-alvanley.html","0"
"C:\Users\User\Localplumberswecare\backup\new-boiler-ancoats.html","0"
"C:\Users\User\Localplumberswecare\backup\new-boiler-anderton-with-marbury.html","0"
"C:\Users\User\Localplumberswecare\backup\new-boiler-antrobus.html","0"
"C:\Users\User\Localplumberswecare\backup\new-boiler-appleton-thorn.html","0"
"C:\Users\User\Localplumberswecare\backup\new-boiler-arclid.html","0"
"C:\Users\User\Localplumberswecare\backup\new-boiler-ardwick.html","0"
"C:\Users\User\Localplumberswecare\backup\new-boiler-ashley.html","0"
"C:\Users\User\Localplumberswecare\backup\new-boiler-ashton-hayes.html","0"
"C:\Users\User\Localplumberswecare\backup\new-boiler-ashton-on-mersey.html","0"
"C:\Users\User\Localplumberswecare\backup\new-boiler-ashton-under-lyne.html","0"
"C:\Users\User\Localplumberswecare\backup\new-boiler-aston-by-budworth.html","0"
"C:\Users\User\Localplumberswecare\backup\new-boiler-aston-by-sutton.html","0"
"C:\Users\User\Localplumberswecare\backup\new-boiler-aston-juxtra-mondrum.html","0"
"C:\Users\User\Localplumberswecare\backup\new-boiler-audenshaw.html","0"
"C:\Users\User\Localplumberswecare\backup\new-boiler-audlem.html","0"
"C:\Users\User\Localplumberswecare\backup\new-boiler-backford.html","0"
"C:\Users\User\Localplumberswecare\backup\new-boiler-baddiley.html","0"
"C:\Users\User\Localplumberswecare\backup\new-boiler-baguley.html","0"
"C:\Users\User\Localplumberswecare\backup\new-boiler-bardsley.html","0"
"C:\Users\User\Localplumberswecare\backup\new-boiler-barnton.html","0"
"C:\Users\User\Localplumberswecare\backup\new-boiler-barthomley.html","0"
"C:\Users\User\Localplumberswecare\backup\new-boiler-batherton.html","0"
"C:\Users\User\Localplumberswecare\backup\new-boiler-beeston.html","0"
"C:\Users\User\Localplumberswecare\backup\new-boiler-beswick.html","0"
"C:\Users\User\Localplumberswecare\backup\new-boiler-bexton.html","0"
"C:\Users\User\Localplumberswecare\backup\new-boiler-bickerton.html","0"
"C:\Users\User\Localplumberswecare\backup\new-boiler-blackley.html","0"
"C:\Users\User\Localplumberswecare\backup\new-boiler-blacon.html","0"
"C:\Users\User\Localplumberswecare\backup\new-boiler-bollington.html","0"
"C:\Users\User\Localplumberswecare\backup\new-boiler-bosley.html","0"
"C:\Users\User\Localplumberswecare\backup\new-boiler-bowdon.html","0"
"C:\Users\User\Localplumberswecare\backup\new-boiler-bradwall.html","0"
"C:\Users\User\Localplumberswecare\backup\new-boiler-bramhall.html","0"
"C:\Users\User\Localplumberswecare\backup\new-boiler-bredbury.html","0"
"C:\Users\User\Localplumberswecare\backup\new-boiler-brereton.html","0"
"C:\Users\User\Localplumberswecare\backup\new-boiler-brinnington.html","0"
"C:\Users\User\Localplumberswecare\backup\new-boiler-broadheath.html","0"
"C:\Users\User\Localplumberswecare\backup\new-boiler-brooklands.html","0"
"C:\Users\User\Localplumberswecare\backup\new-boiler-broxton.html","0"
"C:\Users\User\Localplumberswecare\backup\new-boiler-bruera.html","0"
"C:\Users\User\Localplumberswecare\backup\new-boiler-bucklow-hill.html","0"
"C:\Users\User\Localplumberswecare\backup\new-boiler-bucklow-st-martins.html","0"
"C:\Users\User\Localplumberswecare\backup\new-boiler-buerton.html","0"
"C:\Users\User\Localplumberswecare\backup\new-boiler-bunbury.html","0"
"C:\Users\User\Localplumberswecare\backup\new-boiler-burnage.html","0"
"C:\Users\User\Localplumberswecare\backup\new-boiler-burton-near-neston.html","0"
"C:\Users\User\Localplumberswecare\backup\new-boiler-burton-near-tarporley.html","0"
"C:\Users\User\Localplumberswecare\backup\new-boiler-burwardsley.html","0"
"C:\Users\User\Localplumberswecare\backup\new-boiler-byley.html","0"
"C:\Users\User\Localplumberswecare\backup\new-boiler-cale-green.html","0"
"C:\Users\User\Localplumberswecare\backup\new-boiler-capenhurst.html","0"
"C:\Users\User\Localplumberswecare\backup\new-boiler-charlestown.html","0"
"C:\Users\User\Localplumberswecare\backup\new-boiler-cheadle-heath.html","0"
"C:\Users\User\Localplumberswecare\backup\new-boiler-cheadle-hulme.html","0"
"C:\Users\User\Localplumberswecare\backup\new-boiler-cheadle.html","0"
"C:\Users\User\Localplumberswecare\backup\new-boiler-cheetham-hill.html","0"
"C:\Users\User\Localplumberswecare\backup\new-boiler-chelford.html","0"
"C:\Users\User\Localplumberswecare\backup\new-boiler-chester.html","0"
"C:\Users\User\Localplumberswecare\backup\new-boiler-cholmondeley.html","0"
"C:\Users\User\Localplumberswecare\backup\new-boiler-cholmondeston.html","0"
"C:\Users\User\Localplumberswecare\backup\new-boiler-chorley.html","0"
"C:\Users\User\Localplumberswecare\backup\new-boiler-chorlton.html","0"
"C:\Users\User\Localplumberswecare\backup\new-boiler-christleton.html","0"
"C:\Users\User\Localplumberswecare\backup\new-boiler-churton.html","0"
"C:\Users\User\Localplumberswecare\backup\new-boiler-clayton.html","0"
"C:\Users\User\Localplumberswecare\backup\new-boiler-clutton.html","0"
"C:\Users\User\Localplumberswecare\backup\new-boiler-coldhurst.html","0"
"C:\Users\User\Localplumberswecare\backup\new-boiler-collyhurst.html","0"
"C:\Users\User\Localplumberswecare\backup\new-boiler-comberbach.html","0"
"C:\Users\User\Localplumberswecare\backup\new-boiler-congleton.html","0"
"C:\Users\User\Localplumberswecare\backup\new-boiler-coole-pilate.html","0"
"C:\Users\User\Localplumberswecare\backup\new-boiler-coppice.html","0"
"C:\Users\User\Localplumberswecare\backup\new-boiler-copster-hill.html","0"
"C:\Users\User\Localplumberswecare\backup\new-boiler-cranage.html","0"
"C:\Users\User\Localplumberswecare\backup\new-boiler-crewe-green.html","0"
"C:\Users\User\Localplumberswecare\backup\new-boiler-crewe.html","0"
"C:\Users\User\Localplumberswecare\backup\new-boiler-crowton.html","0"
"C:\Users\User\Localplumberswecare\backup\new-boiler-crumpsall.html","0"
"C:\Users\User\Localplumberswecare\backup\new-boiler-cuddington.html","0"
"C:\Users\User\Localplumberswecare\backup\new-boiler-daresbury.html","0"
"C:\Users\User\Localplumberswecare\backup\new-boiler-darnhall.html","0"
"C:\Users\User\Localplumberswecare\backup\new-boiler-davenham.html","0"
"C:\Users\User\Localplumberswecare\backup\new-boiler-davenport.html","0"
"C:\Users\User\Localplumberswecare\backup\new-boiler-davyhulme-east.html","0"
"C:\Users\User\Localplumberswecare\backup\new-boiler-davyhulme-west.html","0"
"C:\Users\User\Localplumberswecare\backup\new-boiler-dawpool.html","0"
"C:\Users\User\Localplumberswecare\backup\new-boiler-delamere.html","0"
"C:\Users\User\Localplumberswecare\backup\new-boiler-denton.html","0"
"C:\Users\User\Localplumberswecare\backup\new-boiler-derker.html","0"
"C:\Users\User\Localplumberswecare\backup\new-boiler-didsbury.html","0"
"C:\Users\User\Localplumberswecare\backup\new-boiler-disley.html","0"
"C:\Users\User\Localplumberswecare\backup\new-boiler-dodleston.html","0"
"C:\Users\User\Localplumberswecare\backup\new-boiler-droylsden.html","0"
"C:\Users\User\Localplumberswecare\backup\new-boiler-dukinfield.html","0"
"C:\Users\User\Localplumberswecare\backup\new-boiler-dunham-on-the-hill.html","0"
"C:\Users\User\Localplumberswecare\backup\new-boiler-dutton.html","0"
"C:\Users\User\Localplumberswecare\backup\new-boiler-eaton.html","0"
"C:\Users\User\Localplumberswecare\backup\new-boiler-eccleston.html","0"
"C:\Users\User\Localplumberswecare\backup\new-boiler-edgeley.html","0"
"C:\Users\User\Localplumberswecare\backup\new-boiler-ellesmere-port.html","0"
"C:\Users\User\Localplumberswecare\backup\new-boiler-elton.html","0"
"C:\Users\User\Localplumberswecare\backup\new-boiler-elworth.html","0"
"C:\Users\User\Localplumberswecare\backup\new-boiler-englesea-brook.html","0"
"C:\Users\User\Localplumberswecare\backup\new-boiler-ettiley-heath.html","0"
"C:\Users\User\Localplumberswecare\backup\new-boiler-fallowfield.html","0"
"C:\Users\User\Localplumberswecare\backup\new-boiler-farndon.html","0"
"C:\Users\User\Localplumberswecare\backup\new-boiler-farnworth.html","0"
"C:\Users\User\Localplumberswecare\backup\new-boiler-fitton-hill.html","0"
"C:\Users\User\Localplumberswecare\backup\new-boiler-flixton.html","0"
"C:\Users\User\Localplumberswecare\backup\new-boiler-freehold.html","0"
"C:\Users\User\Localplumberswecare\backup\new-boiler-frodsham.html","0"
"C:\Users\User\Localplumberswecare\backup\new-boiler-garden-suburbs.html","0"
"C:\Users\User\Localplumberswecare\backup\new-boiler-gatley.html","0"
"C:\Users\User\Localplumberswecare\backup\new-boiler-gawsworth.html","0"
"C:\Users\User\Localplumberswecare\backup\new-boiler-goostrey.html","0"
"C:\Users\User\Localplumberswecare\backup\new-boiler-gorse-hill.html","0"
"C:\Users\User\Localplumberswecare\backup\new-boiler-gorton.html","0"
"C:\Users\User\Localplumberswecare\backup\new-boiler-grappenhall.html","0"
"C:\Users\User\Localplumberswecare\backup\new-boiler-great-budworth.html","0"
"C:\Users\User\Localplumberswecare\backup\new-boiler-great-sutton.html","0"
"C:\Users\User\Localplumberswecare\backup\new-boiler-great-warford.html","0"
"C:\Users\User\Localplumberswecare\backup\new-boiler-greenacres.html","0"
"C:\Users\User\Localplumberswecare\backup\new-boiler-guilden-sutton.html","0"
"C:\Users\User\Localplumberswecare\backup\new-boiler-hale-barns.html","0"
"C:\Users\User\Localplumberswecare\backup\new-boiler-hale.html","0"
"C:\Users\User\Localplumberswecare\backup\new-boiler-handforth.html","0"
"C:\Users\User\Localplumberswecare\backup\new-boiler-handley.html","0"
"C:\Users\User\Localplumberswecare\backup\new-boiler-hargrave.html","0"
"C:\Users\User\Localplumberswecare\backup\new-boiler-harpurhey.html","0"
"C:\Users\User\Localplumberswecare\backup\new-boiler-hartford.html","0"
"C:\Users\User\Localplumberswecare\backup\new-boiler-haslington.html","0"
"C:\Users\User\Localplumberswecare\backup\new-boiler-hathershaw.html","0"
"C:\Users\User\Localplumberswecare\backup\new-boiler-hatherton.html","0"
"C:\Users\User\Localplumberswecare\backup\new-boiler-hatton.html","0"
"C:\Users\User\Localplumberswecare\backup\new-boiler-hazel-grove.html","0"
"C:\Users\User\Localplumberswecare\backup\new-boiler-heald-green.html","0"
"C:\Users\User\Localplumberswecare\backup\new-boiler-heaton-chapel.html","0"
"C:\Users\User\Localplumberswecare\backup\new-boiler-heaton-mersey.html","0"
"C:\Users\User\Localplumberswecare\backup\new-boiler-heaton-moor.html","0"
"C:\Users\User\Localplumberswecare\backup\new-boiler-heaton-norris.html","0"
"C:\Users\User\Localplumberswecare\backup\new-boiler-helsby.html","0"
"C:\Users\User\Localplumberswecare\backup\new-boiler-henbury.html","0"
"C:\Users\User\Localplumberswecare\backup\new-boiler-high-lane.html","0"
"C:\Users\User\Localplumberswecare\backup\new-boiler-high-legh.html","0"
"C:\Users\User\Localplumberswecare\backup\new-boiler-higher-whitley.html","0"
"C:\Users\User\Localplumberswecare\backup\new-boiler-hollins.html","0"
"C:\Users\User\Localplumberswecare\backup\new-boiler-hollinwood.html","0"
"C:\Users\User\Localplumberswecare\backup\new-boiler-holmes-chapel.html","0"
"C:\Users\User\Localplumberswecare\backup\new-boiler-hoole.html","0"
"C:\Users\User\Localplumberswecare\backup\new-boiler-hulme.html","0"
"C:\Users\User\Localplumberswecare\backup\new-boiler-hunsterson.html","0"
"C:\Users\User\Localplumberswecare\backup\new-boiler-huntington.html","0"
"C:\Users\User\Localplumberswecare\backup\new-boiler-huxley.html","0"
"C:\Users\User\Localplumberswecare\backup\new-boiler-hyde.html","0"
"C:\Users\User\Localplumberswecare\backup\new-boiler-ince.html","0"
"C:\Users\User\Localplumberswecare\backup\new-boiler-kelsall.html","0"
"C:\Users\User\Localplumberswecare\backup\new-boiler-kerridge.html","0"
"C:\Users\User\Localplumberswecare\backup\new-boiler-kettleshulme.html","0"
"C:\Users\User\Localplumberswecare\backup\new-boiler-kingsley.html","0"
"C:\Users\User\Localplumberswecare\backup\new-boiler-knutsford.html","0"
"C:\Users\User\Localplumberswecare\backup\new-boiler-lacey-green.html","0"
"C:\Users\User\Localplumberswecare\backup\new-boiler-lach-dennis.html","0"
"C:\Users\User\Localplumberswecare\backup\new-boiler-langley.html","0"
"C:\Users\User\Localplumberswecare\backup\new-boiler-latchford.html","0"
"C:\Users\User\Localplumberswecare\backup\new-boiler-ledsham.html","0"
"C:\Users\User\Localplumberswecare\backup\new-boiler-leftwich.html","0"
"C:\Users\User\Localplumberswecare\backup\new-boiler-levenshulme.html","0"
"C:\Users\User\Localplumberswecare\backup\new-boiler-limeside.html","0"
"C:\Users\User\Localplumberswecare\backup\new-boiler-little-bollington.html","0"
"C:\Users\User\Localplumberswecare\backup\new-boiler-little-budworth.html","0"
"C:\Users\User\Localplumberswecare\backup\new-boiler-little-leigh.html","0"
"C:\Users\User\Localplumberswecare\backup\new-boiler-little-neston.html","0"
"C:\Users\User\Localplumberswecare\backup\new-boiler-little-sutton.html","0"
"C:\Users\User\Localplumberswecare\backup\new-boiler-little-warford.html","0"
"C:\Users\User\Localplumberswecare\backup\new-boiler-littleton.html","0"
"C:\Users\User\Localplumberswecare\backup\new-boiler-longdendale.html","0"
"C:\Users\User\Localplumberswecare\backup\new-boiler-longford.html","0"
"C:\Users\User\Localplumberswecare\backup\new-boiler-longsight.html","0"
"C:\Users\User\Localplumberswecare\backup\new-boiler-lostock-gralam.html","0"
"C:\Users\User\Localplumberswecare\backup\new-boiler-lower-peover.html","0"
"C:\Users\User\Localplumberswecare\backup\new-boiler-lower-whitley.html","0"
"C:\Users\User\Localplumberswecare\backup\new-boiler-lower-withington.html","0"
"C:\Users\User\Localplumberswecare\backup\new-boiler-lymm.html","0"
"C:\Users\User\Localplumberswecare\backup\new-boiler-macclesfield.html","0"
"C:\Users\User\Localplumberswecare\backup\new-boiler-malpas.html","0"
"C:\Users\User\Localplumberswecare\backup\new-boiler-manchester.html","0"
"C:\Users\User\Localplumberswecare\backup\new-boiler-manley.html","0"
"C:\Users\User\Localplumberswecare\backup\new-boiler-marple.html","0"
"C:\Users\User\Localplumberswecare\backup\new-boiler-marston.html","0"
"C:\Users\User\Localplumberswecare\backup\new-boiler-marthall.html","0"
"C:\Users\User\Localplumberswecare\backup\new-boiler-marton.html","0"
"C:\Users\User\Localplumberswecare\backup\new-boiler-medhurst-green.html","0"
"C:\Users\User\Localplumberswecare\backup\new-boiler-mere.html","0"
"C:\Users\User\Localplumberswecare\backup\new-boiler-mickle-trafford.html","0"
"C:\Users\User\Localplumberswecare\backup\new-boiler-middlewich.html","0"
"C:\Users\User\Localplumberswecare\backup\new-boiler-miles-platting.html","0"
"C:\Users\User\Localplumberswecare\backup\new-boiler-millington.html","0"
"C:\Users\User\Localplumberswecare\backup\new-boiler-mobberley.html","0"
"C:\Users\User\Localplumberswecare\backup\new-boiler-mollington.html","0"
"C:\Users\User\Localplumberswecare\backup\new-boiler-moore.html","0"
"C:\Users\User\Localplumberswecare\backup\new-boiler-moorside.html","0"
"C:\Users\User\Localplumberswecare\backup\new-boiler-moss-nook.html","0"
"C:\Users\User\Localplumberswecare\backup\new-boiler-moss-side.html","0"
"C:\Users\User\Localplumberswecare\backup\new-boiler-mossley.html","0"
"C:\Users\User\Localplumberswecare\backup\new-boiler-moston.html","0"
"C:\Users\User\Localplumberswecare\backup\new-boiler-mottram-st-andrew.html","0"
"C:\Users\User\Localplumberswecare\backup\new-boiler-mouldsworth.html","0"
"C:\Users\User\Localplumberswecare\backup\new-boiler-moulton.html","0"
"C:\Users\User\Localplumberswecare\backup\new-boiler-nantwich.html","0"
"C:\Users\User\Localplumberswecare\backup\new-boiler-ness.html","0"
"C:\Users\User\Localplumberswecare\backup\new-boiler-neston.html","0"
"C:\Users\User\Localplumberswecare\backup\new-boiler-nether-alderley.html","0"
"C:\Users\User\Localplumberswecare\backup\new-boiler-newall-green.html","0"
"C:\Users\User\Localplumberswecare\backup\new-boiler-newbold-astbury.html","0"
"C:\Users\User\Localplumberswecare\backup\new-boiler-newton-heath.html","0"
"C:\Users\User\Localplumberswecare\backup\new-boiler-newton.html","0"
"C:\Users\User\Localplumberswecare\backup\new-boiler-norley.html","0"
"C:\Users\User\Localplumberswecare\backup\new-boiler-north-rode.html","0"
"C:\Users\User\Localplumberswecare\backup\new-boiler-northenden.html","0"
"C:\Users\User\Localplumberswecare\backup\new-boiler-northern-moor.html","0"
"C:\Users\User\Localplumberswecare\backup\new-boiler-northwich.html","0"
"C:\Users\User\Localplumberswecare\backup\new-boiler-oakhanger.html","0"
"C:\Users\User\Localplumberswecare\backup\new-boiler-oakmere.html","0"
"C:\Users\User\Localplumberswecare\backup\new-boiler-occlestone.html","0"
"C:\Users\User\Localplumberswecare\backup\new-boiler-offerton.html","0"
"C:\Users\User\Localplumberswecare\backup\new-boiler-oldham-mumps.html","0"
"C:\Users\User\Localplumberswecare\backup\new-boiler-oldham.html","0"
"C:\Users\User\Localplumberswecare\backup\new-boiler-ollerton.html","0"
"C:\Users\User\Localplumberswecare\backup\new-boiler-openshaw.html","0"
"C:\Users\User\Localplumberswecare\backup\new-boiler-over-alderley.html","0"
"C:\Users\User\Localplumberswecare\backup\new-boiler-over-peover.html","0"
"C:\Users\User\Localplumberswecare\backup\new-boiler-over.html","0"
"C:\Users\User\Localplumberswecare\backup\new-boiler-parkgate.html","0"
"C:\Users\User\Localplumberswecare\backup\new-boiler-peckforton.html","0"
"C:\Users\User\Localplumberswecare\backup\new-boiler-peel-hall.html","0"
"C:\Users\User\Localplumberswecare\backup\new-boiler-pickmere.html","0"
"C:\Users\User\Localplumberswecare\backup\new-boiler-plemstall.html","0"
"C:\Users\User\Localplumberswecare\backup\new-boiler-plumley.html","0"
"C:\Users\User\Localplumberswecare\backup\new-boiler-pott-shrigley.html","0"
"C:\Users\User\Localplumberswecare\backup\new-boiler-poynton.html","0"
"C:\Users\User\Localplumberswecare\backup\new-boiler-prestbury.html","0"
"C:\Users\User\Localplumberswecare\backup\new-boiler-preston-brook.html","0"
"C:\Users\User\Localplumberswecare\backup\new-boiler-puddington.html","0"
"C:\Users\User\Localplumberswecare\backup\new-boiler-rainow.html","0"
"C:\Users\User\Localplumberswecare\backup\new-boiler-reddish.html","0"
"C:\Users\User\Localplumberswecare\backup\new-boiler-rhuddall-heath.html","0"
"C:\Users\User\Localplumberswecare\backup\new-boiler-rode-heath.html","0"
"C:\Users\User\Localplumberswecare\backup\new-boiler-romiley.html","0"
"C:\Users\User\Localplumberswecare\backup\new-boiler-rostherne.html","0"
"C:\Users\User\Localplumberswecare\backup\new-boiler-rowton.html","0"
"C:\Users\User\Localplumberswecare\backup\new-boiler-rudheath.html","0"
"C:\Users\User\Localplumberswecare\backup\new-boiler-runcorn.html","0"
"C:\Users\User\Localplumberswecare\backup\new-boiler-rusholme.html","0"
"C:\Users\User\Localplumberswecare\backup\new-boiler-rushton.html","0"
"C:\Users\User\Localplumberswecare\backup\new-boiler-saighton.html","0"
"C:\Users\User\Localplumberswecare\backup\new-boiler-sale-moor.html","0"
"C:\Users\User\Localplumberswecare\backup\new-boiler-sale.html","0"
"C:\Users\User\Localplumberswecare\backup\new-boiler-sandbach.html","0"
"C:\Users\User\Localplumberswecare\backup\new-boiler-sandiway.html","0"
"C:\Users\User\Localplumberswecare\backup\new-boiler-saughall.html","0"
"C:\Users\User\Localplumberswecare\backup\new-boiler-scholar-green.html","0"
"C:\Users\User\Localplumberswecare\backup\new-boiler-sharston.html","0"
"C:\Users\User\Localplumberswecare\backup\new-boiler-shavington.html","0"
"C:\Users\User\Localplumberswecare\backup\new-boiler-shocklach.html","0"
"C:\Users\User\Localplumberswecare\backup\new-boiler-sholver.html","0"
"C:\Users\User\Localplumberswecare\backup\new-boiler-shotwick.html","0"
"C:\Users\User\Localplumberswecare\backup\new-boiler-siddington.html","0"
"C:\Users\User\Localplumberswecare\backup\new-boiler-snelson.html","0"
"C:\Users\User\Localplumberswecare\backup\new-boiler-sproston.html","0"
"C:\Users\User\Localplumberswecare\backup\new-boiler-stalybridge.html","0"
"C:\Users\User\Localplumberswecare\backup\new-boiler-stanthorne.html","0"
"C:\Users\User\Localplumberswecare\backup\new-boiler-stapeley.html","0"
"C:\Users\User\Localplumberswecare\backup\new-boiler-stoak.html","0"
"C:\Users\User\Localplumberswecare\backup\new-boiler-stockport.html","0"
"C:\Users\User\Localplumberswecare\backup\new-boiler-stockton-heath.html","0"
"C:\Users\User\Localplumberswecare\backup\new-boiler-stretford.html","0"
"C:\Users\User\Localplumberswecare\backup\new-boiler-stretton.html","0"
"C:\Users\User\Localplumberswecare\backup\new-boiler-styal.html","0"
"C:\Users\User\Localplumberswecare\backup\new-boiler-sutton-weaver.html","0"
"C:\Users\User\Localplumberswecare\backup\new-boiler-sutton.html","0"
"C:\Users\User\Localplumberswecare\backup\new-boiler-swettenham.html","0"
"C:\Users\User\Localplumberswecare\backup\new-boiler-tabley-inferior.html","0"
"C:\Users\User\Localplumberswecare\backup\new-boiler-tabley-superior.html","0"
"C:\Users\User\Localplumberswecare\backup\new-boiler-tarporley.html","0"
"C:\Users\User\Localplumberswecare\backup\new-boiler-tarvin.html","0"
"C:\Users\User\Localplumberswecare\backup\new-boiler-tattenhall.html","0"
"C:\Users\User\Localplumberswecare\backup\new-boiler-tatton.html","0"
"C:\Users\User\Localplumberswecare\backup\new-boiler-thornton-le-moors.html","0"
"C:\Users\User\Localplumberswecare\backup\new-boiler-threapwood.html","0"
"C:\Users\User\Localplumberswecare\backup\new-boiler-tilston.html","0"
"C:\Users\User\Localplumberswecare\backup\new-boiler-timbersbrook.html","0"
"C:\Users\User\Localplumberswecare\backup\new-boiler-timperley.html","0"
"C:\Users\User\Localplumberswecare\backup\new-boiler-tiverton.html","0"
"C:\Users\User\Localplumberswecare\backup\new-boiler-toft.html","0"
"C:\Users\User\Localplumberswecare\backup\new-boiler-tranmere.html","0"
"C:\Users\User\Localplumberswecare\backup\new-boiler-tushingham.html","0"
"C:\Users\User\Localplumberswecare\backup\new-boiler-upton.html","0"
"C:\Users\User\Localplumberswecare\backup\new-boiler-urmston.html","0"
"C:\Users\User\Localplumberswecare\backup\new-boiler-utkinton.html","0"
"C:\Users\User\Localplumberswecare\backup\new-boiler-vicars-cross.html","0"
"C:\Users\User\Localplumberswecare\backup\new-boiler-warmingham.html","0"
"C:\Users\User\Localplumberswecare\backup\new-boiler-warrington.html","0"
"C:\Users\User\Localplumberswecare\backup\new-boiler-waterhead.html","0"
"C:\Users\User\Localplumberswecare\backup\new-boiler-waverton.html","0"
"C:\Users\User\Localplumberswecare\backup\new-boiler-weaverham.html","0"
"C:\Users\User\Localplumberswecare\backup\new-boiler-werneth.html","0"
"C:\Users\User\Localplumberswecare\backup\new-boiler-wervin.html","0"
"C:\Users\User\Localplumberswecare\backup\new-boiler-westminster.html","0"
"C:\Users\User\Localplumberswecare\backup\new-boiler-weston-runcorn.html","0"
"C:\Users\User\Localplumberswecare\backup\new-boiler-weston.html","0"
"C:\Users\User\Localplumberswecare\backup\new-boiler-westwood.html","0"
"C:\Users\User\Localplumberswecare\backup\new-boiler-wettenhall.html","0"
"C:\Users\User\Localplumberswecare\backup\new-boiler-whalley-range.html","0"
"C:\Users\User\Localplumberswecare\backup\new-boiler-wheelock.html","0"
"C:\Users\User\Localplumberswecare\backup\new-boiler-whitegate.html","0"
"C:\Users\User\Localplumberswecare\backup\new-boiler-widnes.html","0"
"C:\Users\User\Localplumberswecare\backup\new-boiler-willaston-near-neston.html","0"
"C:\Users\User\Localplumberswecare\backup\new-boiler-willaston.html","0"
"C:\Users\User\Localplumberswecare\backup\new-boiler-wilmslow.html","0"
"C:\Users\User\Localplumberswecare\backup\new-boiler-wimboldsley.html","0"
"C:\Users\User\Localplumberswecare\backup\new-boiler-wincham.html","0"
"C:\Users\User\Localplumberswecare\backup\new-boiler-winsford.html","0"
"C:\Users\User\Localplumberswecare\backup\new-boiler-winterley.html","0"
"C:\Users\User\Localplumberswecare\backup\new-boiler-wirral-peninsula.html","0"
"C:\Users\User\Localplumberswecare\backup\new-boiler-wistaston.html","0"
"C:\Users\User\Localplumberswecare\backup\new-boiler-withington.html","0"
"C:\Users\User\Localplumberswecare\backup\new-boiler-woodford.html","0"
"C:\Users\User\Localplumberswecare\backup\new-boiler-woodhouse-park.html","0"
"C:\Users\User\Localplumberswecare\backup\new-boiler-woodley.html","0"
"C:\Users\User\Localplumberswecare\backup\new-boiler-woolstanwood.html","0"
"C:\Users\User\Localplumberswecare\backup\new-boiler-wrenbury.html","0"
"C:\Users\User\Localplumberswecare\backup\new-boiler-wybunbury.html","0"
"C:\Users\User\Localplumberswecare\backup\new-boiler-wythenshawe.html","0"
"C:\Users\User\Localplumberswecare\backup\new-boiler.html","0"
"C:\Users\User\Localplumberswecare\backup\newall-green-plumbers.html","0"
"C:\Users\User\Localplumberswecare\backup\newall-green.html","0"
"C:\Users\User\Localplumberswecare\backup\newbold-astbury-plumbers.html","0"
"C:\Users\User\Localplumberswecare\backup\newton-heath-plumbers.html","0"
"C:\Users\User\Localplumberswecare\backup\newton-plumbers.html","0"
"C:\Users\User\Localplumberswecare\backup\norley-plumbers.html","0"
"C:\Users\User\Localplumberswecare\backup\north-rode-plumbers.html","0"
"C:\Users\User\Localplumberswecare\backup\northenden-plumbers.html","0"
"C:\Users\User\Localplumberswecare\backup\northern-moor-plumbers.html","0"
"C:\Users\User\Localplumberswecare\backup\northwich-plumbers.html","0"
"C:\Users\User\Localplumberswecare\backup\oakhanger-plumbers.html","0"
"C:\Users\User\Localplumberswecare\backup\oakmere-plumbers.html","0"
"C:\Users\User\Localplumberswecare\backup\occlestone-plumbers.html","0"
"C:\Users\User\Localplumberswecare\backup\offerton-plumbers.html","0"
"C:\Users\User\Localplumberswecare\backup\oldham-mumps-plumbers.html","0"
"C:\Users\User\Localplumberswecare\backup\oldham-plumbers.html","0"
"C:\Users\User\Localplumberswecare\backup\ollerton-plumbers.html","0"
"C:\Users\User\Localplumberswecare\backup\openshaw-plumbers.html","0"
"C:\Users\User\Localplumberswecare\backup\ordsall-plumbers.html","0"
"C:\Users\User\Localplumberswecare\backup\over-alderley-plumbers.html","0"
"C:\Users\User\Localplumberswecare\backup\over-peover-plumbers.html","0"
"C:\Users\User\Localplumberswecare\backup\over-plumbers.html","0"
"C:\Users\User\Localplumberswecare\backup\parkgate-plumbers.html","0"
"C:\Users\User\Localplumberswecare\backup\peckforton-plumbers.html","0"
"C:\Users\User\Localplumberswecare\backup\peel-hall-plumbers.html","0"
"C:\Users\User\Localplumberswecare\backup\pendlebury-plumbers.html","0"
"C:\Users\User\Localplumberswecare\backup\pickmere-plumbers.html","0"
"C:\Users\User\Localplumberswecare\backup\plemstall-plumbers.html","0"
"C:\Users\User\Localplumberswecare\backup\plumbing-and-heating-engineer-sub-contractor-jobs.html","0"
"C:\Users\User\Localplumberswecare\backup\plumley-plumbers.html","0"
"C:\Users\User\Localplumberswecare\backup\pott-shrigley-plumbers.html","0"
"C:\Users\User\Localplumberswecare\backup\poynton-plumbers.html","0"
"C:\Users\User\Localplumberswecare\backup\prestbury-plumbers.html","0"
"C:\Users\User\Localplumberswecare\backup\preston-brook-plumbers.html","0"
"C:\Users\User\Localplumberswecare\backup\preston-brook.html","0"
"C:\Users\User\Localplumberswecare\backup\privacy-policy.html","0"
"C:\Users\User\Localplumberswecare\backup\project.html","0"
"C:\Users\User\Localplumberswecare\backup\puddington-plumbers.html","0"
"C:\Users\User\Localplumberswecare\backup\rainow-plumbers.html","0"
"C:\Users\User\Localplumberswecare\backup\reddish-plumbers.html","0"
"C:\Users\User\Localplumberswecare\backup\rhuddall-heath-plumbers.html","0"
"C:\Users\User\Localplumberswecare\backup\rhuddall-plumbers.html","0"
"C:\Users\User\Localplumberswecare\backup\rode-heath-plumbers.html","0"
"C:\Users\User\Localplumberswecare\backup\romiley-plumbers.html","0"
"C:\Users\User\Localplumberswecare\backup\rostherne-plumbers.html","0"
"C:\Users\User\Localplumberswecare\backup\rowton-plumbers.html","0"
"C:\Users\User\Localplumberswecare\backup\rudheath-plumbers.html","0"
"C:\Users\User\Localplumberswecare\backup\runcorn-plumbers.html","0"
"C:\Users\User\Localplumberswecare\backup\rusholme-plumbers.html","0"
"C:\Users\User\Localplumberswecare\backup\rushton-plumbers.html","0"
"C:\Users\User\Localplumberswecare\backup\saighton-plumbers.html","0"
"C:\Users\User\Localplumberswecare\backup\sale-moor-plumbers.html","0"
"C:\Users\User\Localplumberswecare\backup\sale-plumbers.html","0"
"C:\Users\User\Localplumberswecare\backup\salford-plumbers.html","0"
"C:\Users\User\Localplumberswecare\backup\salford-quays-plumbers.html","0"
"C:\Users\User\Localplumberswecare\backup\sandbach-plumbers.html","0"
"C:\Users\User\Localplumberswecare\backup\sandiway-plumbers.html","0"
"C:\Users\User\Localplumberswecare\backup\saughall-plumbers.html","0"
"C:\Users\User\Localplumberswecare\backup\scholar-green-plumbers.html","0"
"C:\Users\User\Localplumberswecare\backup\seedley-plumbers.html","0"
"C:\Users\User\Localplumberswecare\backup\services.html","0"
"C:\Users\User\Localplumberswecare\backup\sharston-plumbers.html","0"
"C:\Users\User\Localplumberswecare\backup\shavington-plumbers.html","0"
"C:\Users\User\Localplumberswecare\backup\shocklach-plumbers.html","0"
"C:\Users\User\Localplumberswecare\backup\sholver-plumbers.html","0"
"C:\Users\User\Localplumberswecare\backup\shotwick-plumbers.html","0"
"C:\Users\User\Localplumberswecare\backup\siddington-plumbers.html","0"
"C:\Users\User\Localplumberswecare\backup\sitemap.html","0"
"C:\Users\User\Localplumberswecare\backup\snelson-plumbers.html","0"
"C:\Users\User\Localplumberswecare\backup\sproston-plumbers.html","0"
"C:\Users\User\Localplumberswecare\backup\stalybridge-plumbers.html","0"
"C:\Users\User\Localplumberswecare\backup\stanthorne-plumbers.html","0"
"C:\Users\User\Localplumberswecare\backup\stapeley-plumbers.html","0"
"C:\Users\User\Localplumberswecare\backup\stoak-plumbers.html","0"
"C:\Users\User\Localplumberswecare\backup\stockport-plumbers.html","0"
"C:\Users\User\Localplumberswecare\backup\stockton-heath-plumbers.html","0"
"C:\Users\User\Localplumberswecare\backup\stretford-plumbers.html","0"
"C:\Users\User\Localplumberswecare\backup\stretton-plumbers.html","0"
"C:\Users\User\Localplumberswecare\backup\styal-plumbers.html","0"
"C:\Users\User\Localplumberswecare\backup\sutton-plumbers.html","0"
"C:\Users\User\Localplumberswecare\backup\sutton-weaver-plumbers.html","0"
"C:\Users\User\Localplumberswecare\backup\swettenham-plumbers.html","0"
"C:\Users\User\Localplumberswecare\backup\swinton-plumbers.html","0"
"C:\Users\User\Localplumberswecare\backup\tabley-inferior.html","0"
"C:\Users\User\Localplumberswecare\backup\tabley-superior-plumbers.html","0"
"C:\Users\User\Localplumberswecare\backup\tameside-plumbers.html","0"
"C:\Users\User\Localplumberswecare\backup\tap-repairs-and-installations.html","0"
"C:\Users\User\Localplumberswecare\backup\tarporley-plumbers.html","0"
"C:\Users\User\Localplumberswecare\backup\tarvin-plumbers.html","0"
"C:\Users\User\Localplumberswecare\backup\tattenhall-plumbers.html","0"
"C:\Users\User\Localplumberswecare\backup\tatton-plumbers.html","0"
"C:\Users\User\Localplumberswecare\backup\terms-conditions.html","0"
"C:\Users\User\Localplumberswecare\backup\thank-you.html","0"
"C:\Users\User\Localplumberswecare\backup\thornton-le-moors-plumbers.html","0"
"C:\Users\User\Localplumberswecare\backup\threapwood-plumbers.html","0"
"C:\Users\User\Localplumberswecare\backup\thronton-le-woods-plumbers.html","0"
"C:\Users\User\Localplumberswecare\backup\tilston-plumbers.html","0"
"C:\Users\User\Localplumberswecare\backup\timbersbrook-plumbers.html","0"
"C:\Users\User\Localplumberswecare\backup\timperley-plumbers.html","0"
"C:\Users\User\Localplumberswecare\backup\tiverton-plumbers.html","0"
"C:\Users\User\Localplumberswecare\backup\toft-plumbers.html","0"
"C:\Users\User\Localplumberswecare\backup\toilet-repairs-installs.html","0"
"C:\Users\User\Localplumberswecare\backup\trafford-plumbers.html","0"
"C:\Users\User\Localplumberswecare\backup\tranmere-plumbers.html","0"
"C:\Users\User\Localplumberswecare\backup\tushingham-plumbers.html","0"
"C:\Users\User\Localplumberswecare\backup\upton-plumbers.html","0"
"C:\Users\User\Localplumberswecare\backup\urmston-plumbers.html","0"
"C:\Users\User\Localplumberswecare\backup\utkinton-plumbers.html","0"
"C:\Users\User\Localplumberswecare\backup\vicars-cross-plumbers.html","0"
"C:\Users\User\Localplumberswecare\backup\walkden-plumbers.html","0"
"C:\Users\User\Localplumberswecare\backup\warmingham-plumbers.html","0"
"C:\Users\User\Localplumberswecare\backup\warrington-plumbers.html","0"
"C:\Users\User\Localplumberswecare\backup\waterhead-plumbers.html","0"
"C:\Users\User\Localplumberswecare\backup\waverton-plumbers.html","0"
"C:\Users\User\Localplumberswecare\backup\weaste-plumbers.html","0"
"C:\Users\User\Localplumberswecare\backup\weaverham-plumbers.html","0"
"C:\Users\User\Localplumberswecare\backup\werneth-plumbers.html","0"
"C:\Users\User\Localplumberswecare\backup\wervin-plumbers.html","0"
"C:\Users\User\Localplumberswecare\backup\westminster-plumbers.html","0"
"C:\Users\User\Localplumberswecare\backup\weston-plumbers.html","0"
"C:\Users\User\Localplumberswecare\backup\weston-runcorn-plumbers.html","0"
"C:\Users\User\Localplumberswecare\backup\westwood-plumbers.html","0"
"C:\Users\User\Localplumberswecare\backup\wettenhall-plumbers.html","0"
"C:\Users\User\Localplumberswecare\backup\whalley-range-plumbers.html","0"
"C:\Users\User\Localplumberswecare\backup\wheelock-plumbers.html","0"
"C:\Users\User\Localplumberswecare\backup\whitegate-plumbers.html","0"
"C:\Users\User\Localplumberswecare\backup\widnes-plumbers.html","0"
"C:\Users\User\Localplumberswecare\backup\willaston-near-neston-plumbers.html","0"
"C:\Users\User\Localplumberswecare\backup\willaston-plumbers.html","0"
"C:\Users\User\Localplumberswecare\backup\wilmslow-plumbers.html","0"
"C:\Users\User\Localplumberswecare\backup\wimboldsley-plumbers.html","0"
"C:\Users\User\Localplumberswecare\backup\wincham-plumbers.html","0"
"C:\Users\User\Localplumberswecare\backup\window-installers-sub-contractor-jobs.html","0"
"C:\Users\User\Localplumberswecare\backup\winsford-plumbers.html","0"
"C:\Users\User\Localplumberswecare\backup\winterley-plumbers.html","0"
"C:\Users\User\Localplumberswecare\backup\winton-plumbers.html","0"
"C:\Users\User\Localplumberswecare\backup\wirral-peninsula-plumbers.html","0"
"C:\Users\User\Localplumberswecare\backup\wistaston-plumbers.html","0"
"C:\Users\User\Localplumberswecare\backup\withington-plumbers.html","0"
"C:\Users\User\Localplumberswecare\backup\woodford-plumbers.html","0"
"C:\Users\User\Localplumberswecare\backup\woodhouse-park-plumbers.html","0"
"C:\Users\User\Localplumberswecare\backup\woodley-plumbers.html","0"
"C:\Users\User\Localplumberswecare\backup\woolstanwood-plumbers.html","0"
"C:\Users\User\Localplumberswecare\backup\worsley-plumbers.html","0"
"C:\Users\User\Localplumberswecare\backup\wrenbury-plumbers.html","0"
"C:\Users\User\Localplumberswecare\backup\wybunbury-plumbers.html","0"
"C:\Users\User\Localplumberswecare\backup\wythenshawe-plumbers.html","0"
"C:\Users\User\Localplumberswecare\css\animate.css","0"
"C:\Users\User\Localplumberswecare\css\bootstrap-datepicker.css","0"
"C:\Users\User\Localplumberswecare\css\bootstrap.min.css","0"
"C:\Users\User\Localplumberswecare\css\flaticon.css","0"
"C:\Users\User\Localplumberswecare\css\jquery.timepicker.css","0"
"C:\Users\User\Localplumberswecare\css\magnific-popup.css","0"
"C:\Users\User\Localplumberswecare\css\owl.carousel.min.css","0"
"C:\Users\User\Localplumberswecare\css\owl.theme.default.min.css","0"
"C:\Users\User\Localplumberswecare\css\style.css","0"
"C:\Users\User\Localplumberswecare\fonts\flaticon\font\flaticon.css","0"
"C:\Users\User\Localplumberswecare\fonts\flaticon\font\flaticon.html","0"
"C:\Users\User\Localplumberswecare\js\boiler-installation-Derby.html","0"
"C:\Users\User\Localplumberswecare\js\bootstrap-datepicker.js","0"
"C:\Users\User\Localplumberswecare\js\bootstrap.min.js","0"
"C:\Users\User\Localplumberswecare\js\google-map.js","0"
"C:\Users\User\Localplumberswecare\js\jquery-3.2.1.min.js","0"
"C:\Users\User\Localplumberswecare\js\jquery-migrate-3.0.1.min.js","0"
"C:\Users\User\Localplumberswecare\js\jquery.animateNumber.min.js","0"
"C:\Users\User\Localplumberswecare\js\jquery.easing.1.3.js","0"
"C:\Users\User\Localplumberswecare\js\jquery.magnific-popup.min.js","0"
"C:\Users\User\Localplumberswecare\js\jquery.min.js","0"
"C:\Users\User\Localplumberswecare\js\jquery.stellar.min.js","0"
"C:\Users\User\Localplumberswecare\js\jquery.timepicker.min.js","0"
"C:\Users\User\Localplumberswecare\js\jquery.waypoints.min.js","0"
"C:\Users\User\Localplumberswecare\js\main.js","0"
"C:\Users\User\Localplumberswecare\js\owl.carousel.min.js","0"
"C:\Users\User\Localplumberswecare\js\popper.min.js","0"
"C:\Users\User\Localplumberswecare\js\scrollax.min.js","0"
"C:\Users\User\Localplumberswecare\scss\bootstrap\bootstrap-grid.css","0"
"C:\Users\User\Localplumberswecare\scss\bootstrap\bootstrap-reboot.css","0"
"C:\Users\User\Localplumberswecare\scss\bootstrap\bootstrap.css","0"
"C:\Users\User\Localplumberswecare\24hr-emergencies.html","0"
"C:\Users\User\Localplumberswecare\24hr-plumbers-Birmingham.html","0"
"C:\Users\User\Localplumberswecare\24hr-plumbers-Blackburn.html","0"
"C:\Users\User\Localplumberswecare\24hr-plumbers-Blackpool.html","0"
"C:\Users\User\Localplumberswecare\24hr-plumbers-Bradford.html","0"
"C:\Users\User\Localplumberswecare\24hr-plumbers-Bristol.html","0"
"C:\Users\User\Localplumberswecare\24hr-plumbers-Cardiff.html","0"
"C:\Users\User\Localplumberswecare\24hr-plumbers-Chichester.html","0"
"C:\Users\User\Localplumberswecare\24hr-plumbers-Coventry.html","0"
"C:\Users\User\Localplumberswecare\24hr-plumbers-Derby.html","0"
"C:\Users\User\Localplumberswecare\24hr-plumbers-Edinburgh.html","0"
"C:\Users\User\Localplumberswecare\24hr-plumbers-Ely.html","0"
"C:\Users\User\Localplumberswecare\24hr-plumbers-Exeter.html","0"
"C:\Users\User\Localplumberswecare\24hr-plumbers-Glasgow.html","0"
"C:\Users\User\Localplumberswecare\24hr-plumbers-Hereford.html","0"
"C:\Users\User\Localplumberswecare\24hr-plumbers-Hull.html","0"
"C:\Users\User\Localplumberswecare\24hr-plumbers-Inverness.html","0"
"C:\Users\User\Localplumberswecare\24hr-plumbers-Kingston-upon-Thames.html","0"
"C:\Users\User\Localplumberswecare\24hr-plumbers-Liverpool.html","0"
"C:\Users\User\Localplumberswecare\24hr-plumbers-Londonderry.html","0"
"C:\Users\User\Localplumberswecare\24hr-plumbers-Luton.html","0"
"C:\Users\User\Localplumberswecare\24hr-plumbers-Milton-Keynes.html","0"
"C:\Users\User\Localplumberswecare\24hr-plumbers-Newcastle.html","0"
"C:\Users\User\Localplumberswecare\24hr-plumbers-Nottingham.html","0"
"C:\Users\User\Localplumberswecare\24hr-plumbers-Peterborough.html","0"
"C:\Users\User\Localplumberswecare\24hr-plumbers-Portsmouth.html","0"
"C:\Users\User\Localplumberswecare\24hr-plumbers-Sheffield.html","0"
"C:\Users\User\Localplumberswecare\24hr-plumbers-St-Albans.html","0"
"C:\Users\User\Localplumberswecare\24hr-plumbers-Wakefield.html","0"
"C:\Users\User\Localplumberswecare\24hr-plumbers-Wolverhampton.html","0"
"C:\Users\User\Localplumberswecare\abbey-hills-boiler-repairs.html","0"
"C:\Users\User\Localplumberswecare\abbey-hills-plumbers.html","0"
"C:\Users\User\Localplumberswecare\about-Birmingham-plumbers.html","0"
"C:\Users\User\Localplumberswecare\about-Blackburn-plumbers.html","0"
"C:\Users\User\Localplumberswecare\about-Blackpool-plumbers.html","0"
"C:\Users\User\Localplumberswecare\about-Bradford-plumbers.html","0"
"C:\Users\User\Localplumberswecare\about-Bristol-plumbers.html","0"
"C:\Users\User\Localplumberswecare\about-Cardiff-plumbers.html","0"
"C:\Users\User\Localplumberswecare\about-Chichester-plumbers.html","0"
"C:\Users\User\Localplumberswecare\about-Derby-plumbers.html","0"
"C:\Users\User\Localplumberswecare\about-Edinburgh-plumbers.html","0"
"C:\Users\User\Localplumberswecare\about-Ely-plumbers.html","0"
"C:\Users\User\Localplumberswecare\about-Exeter-plumbers.html","0"
"C:\Users\User\Localplumberswecare\about-Glasgow-plumbers.html","0"
"C:\Users\User\Localplumberswecare\about-Hereford-plumbers.html","0"
"C:\Users\User\Localplumberswecare\about-Hull-plumbers.html","0"
"C:\Users\User\Localplumberswecare\about-Inverness-plumbers.html","0"
"C:\Users\User\Localplumberswecare\about-Kingston-upon-Thames-plumbers.html","0"
"C:\Users\User\Localplumberswecare\about-Liverpool-plumbers.html","0"
"C:\Users\User\Localplumberswecare\about-Londonderry-plumbers.html","0"
"C:\Users\User\Localplumberswecare\about-Luton-plumbers.html","0"
"C:\Users\User\Localplumberswecare\about-Milton-Keynes-plumbers.html","0"
"C:\Users\User\Localplumberswecare\about-Newcastle-plumbers.html","0"
"C:\Users\User\Localplumberswecare\about-Nottingham-plumbers.html","0"
"C:\Users\User\Localplumberswecare\about-Peterborough-plumbers.html","0"
"C:\Users\User\Localplumberswecare\about-Portsmouth-plumbers.html","0"
"C:\Users\User\Localplumberswecare\about-Sheffield-plumbers.html","0"
"C:\Users\User\Localplumberswecare\about-St-Albans-plumbers.html","0"
"C:\Users\User\Localplumberswecare\about-us.html","0"
"C:\Users\User\Localplumberswecare\about-Wakefield-plumbers.html","0"
"C:\Users\User\Localplumberswecare\about-Wolverhampton-plumbers.html","0"
"C:\Users\User\Localplumberswecare\acton-bridge-plumbers.html","0"
"C:\Users\User\Localplumberswecare\acton-plumbers.html","0"
"C:\Users\User\Localplumberswecare\adlington-plumbers.html","0"
"C:\Users\User\Localplumberswecare\agden-chester-plumbers.html","0"
"C:\Users\User\Localplumberswecare\agden-macclesfield-plumbers.html","0"
"C:\Users\User\Localplumberswecare\alderley-edge-plumbers.html","0"
"C:\Users\User\Localplumberswecare\aldersey-plumbers.html","0"
"C:\Users\User\Localplumberswecare\aldford-plumbers.html","0"
"C:\Users\User\Localplumberswecare\allostock-plumbers.html","0"
"C:\Users\User\Localplumberswecare\alpraham-plumbers.html","0"
"C:\Users\User\Localplumberswecare\alsager-plumbers.html","0"
"C:\Users\User\Localplumberswecare\altrincham-plumbers.html","0"
"C:\Users\User\Localplumberswecare\alvanley-plumbers.html","0"
"C:\Users\User\Localplumberswecare\ancoats-plumbers.html","0"
"C:\Users\User\Localplumberswecare\anderton-with-marbury-plumbers.html","0"
"C:\Users\User\Localplumberswecare\antrobus-plumbers.html","0"
"C:\Users\User\Localplumberswecare\appleton-thorn-plumbers.html","0"
"C:\Users\User\Localplumberswecare\arclid-plumbers.html","0"
"C:\Users\User\Localplumberswecare\ardwick-plumbers.html","0"
"C:\Users\User\Localplumberswecare\areas-we-cover.html","0"
"C:\Users\User\Localplumberswecare\ashley-plumbers.html","0"
"C:\Users\User\Localplumberswecare\ashton-hayes-plumbers.html","0"
"C:\Users\User\Localplumberswecare\ashton-on-mersey-plumbers.html","0"
"C:\Users\User\Localplumberswecare\ashton-under-lyne-plumbers.html","0"
"C:\Users\User\Localplumberswecare\aston-by-budworth-plumbers.html","0"
"C:\Users\User\Localplumberswecare\aston-by-sutton-plumbers.html","0"
"C:\Users\User\Localplumberswecare\aston-juxtra-mondrum-plumbers.html","0"
"C:\Users\User\Localplumberswecare\audenshaw-plumbers.html","0"
"C:\Users\User\Localplumberswecare\audlem-plumbers.html","0"
"C:\Users\User\Localplumberswecare\backford-plumbers.html","0"
"C:\Users\User\Localplumberswecare\baddiley-plumbers.html","0"
"C:\Users\User\Localplumberswecare\baguley-plumbers.html","0"
"C:\Users\User\Localplumberswecare\bardsley-plumbers.html","0"
"C:\Users\User\Localplumberswecare\barnton-plumbers.html","0"
"C:\Users\User\Localplumberswecare\barthomley-plumbers.html","0"
"C:\Users\User\Localplumberswecare\barton-plumbers.html","0"
"C:\Users\User\Localplumberswecare\batherton-plumbers.html","0"
"C:\Users\User\Localplumberswecare\bathroom-installations.html","0"
"C:\Users\User\Localplumberswecare\beeston-plumbers.html","0"
"C:\Users\User\Localplumberswecare\beswick-plumbers.html","0"
"C:\Users\User\Localplumberswecare\bexton-plumbers.html","0"
"C:\Users\User\Localplumberswecare\bickerton-plumbers.html","0"
"C:\Users\User\Localplumberswecare\blackley-plumbers.html","0"
"C:\Users\User\Localplumberswecare\blacon-plumbers.html","0"
"C:\Users\User\Localplumberswecare\blog-single.html","0"
"C:\Users\User\Localplumberswecare\blog.html","0"
"C:\Users\User\Localplumberswecare\boiler-installation-Birmingham.html","0"
"C:\Users\User\Localplumberswecare\boiler-installation-Blackburn.html","0"
"C:\Users\User\Localplumberswecare\boiler-installation-Blackpool.html","0"
"C:\Users\User\Localplumberswecare\boiler-installation-Bradford.html","0"
"C:\Users\User\Localplumberswecare\boiler-installation-Bristol.html","0"
"C:\Users\User\Localplumberswecare\boiler-installation-Cardiff.html","0"
"C:\Users\User\Localplumberswecare\boiler-installation-Chester.html","0"
"C:\Users\User\Localplumberswecare\boiler-installation-Chichester.html","0"
"C:\Users\User\Localplumberswecare\boiler-installation-Coventry.html","0"
"C:\Users\User\Localplumberswecare\boiler-installation-Edinburgh.html","0"
"C:\Users\User\Localplumberswecare\boiler-installation-Ely.html","0"
"C:\Users\User\Localplumberswecare\boiler-installation-Exeter.html","0"
"C:\Users\User\Localplumberswecare\boiler-installation-Glasgow.html","0"
"C:\Users\User\Localplumberswecare\boiler-installation-Hereford.html","0"
"C:\Users\User\Localplumberswecare\boiler-installation-Hull.html","0"
"C:\Users\User\Localplumberswecare\boiler-installation-Inverness.html","0"
"C:\Users\User\Localplumberswecare\boiler-installation-Kingston-upon-Thames.html","0"
"C:\Users\User\Localplumberswecare\boiler-installation-Liverpool.html","0"
"C:\Users\User\Localplumberswecare\boiler-installation-Londonderry.html","0"
"C:\Users\User\Localplumberswecare\boiler-installation-Luton.html","0"
"C:\Users\User\Localplumberswecare\boiler-installation-manchester-stockport.html","0"
"C:\Users\User\Localplumberswecare\boiler-installation-Milton-Keynes.html","0"
"C:\Users\User\Localplumberswecare\boiler-installation-Newcastle.html","0"
"C:\Users\User\Localplumberswecare\boiler-installation-Nottingham.html","0"
"C:\Users\User\Localplumberswecare\boiler-installation-Peterborough.html","0"
"C:\Users\User\Localplumberswecare\boiler-installation-Portsmouth.html","0"
"C:\Users\User\Localplumberswecare\boiler-installation-Sheffield.html","0"
"C:\Users\User\Localplumberswecare\boiler-installation-St-Albans.html","0"
"C:\Users\User\Localplumberswecare\boiler-installation-Wakefield.html","0"
"C:\Users\User\Localplumberswecare\boiler-installation-Wolverhampton.html","0"
"C:\Users\User\Localplumberswecare\boiler-repairs-Birmingham.html","0"
"C:\Users\User\Localplumberswecare\boiler-repairs-Blackburn.html","0"
"C:\Users\User\Localplumberswecare\boiler-repairs-Blackpool.html","0"
"C:\Users\User\Localplumberswecare\boiler-repairs-Bradford.html","0"
"C:\Users\User\Localplumberswecare\boiler-repairs-Bristol.html","0"
"C:\Users\User\Localplumberswecare\boiler-repairs-Cardiff.html","0"
"C:\Users\User\Localplumberswecare\boiler-repairs-Chichester.html","0"
"C:\Users\User\Localplumberswecare\boiler-repairs-Coventry.html","0"
"C:\Users\User\Localplumberswecare\boiler-repairs-Derby.html","0"
"C:\Users\User\Localplumberswecare\boiler-repairs-Edinburgh.html","0"
"C:\Users\User\Localplumberswecare\boiler-repairs-Ely.html","0"
"C:\Users\User\Localplumberswecare\boiler-repairs-Exeter.html","0"
"C:\Users\User\Localplumberswecare\boiler-repairs-Glasgow.html","0"
"C:\Users\User\Localplumberswecare\boiler-repairs-Hereford.html","0"
"C:\Users\User\Localplumberswecare\boiler-repairs-Hull.html","0"
"C:\Users\User\Localplumberswecare\boiler-repairs-Inverness.html","0"
"C:\Users\User\Localplumberswecare\boiler-repairs-Kingston-upon-Thames.html","0"
"C:\Users\User\Localplumberswecare\boiler-repairs-Liverpool.html","0"
"C:\Users\User\Localplumberswecare\boiler-repairs-Londonderry.html","0"
"C:\Users\User\Localplumberswecare\boiler-repairs-Luton.html","0"
"C:\Users\User\Localplumberswecare\boiler-repairs-manchester-stockport.html","0"
"C:\Users\User\Localplumberswecare\boiler-repairs-Milton-Keynes.html","0"
"C:\Users\User\Localplumberswecare\boiler-repairs-Newcastle.html","0"
"C:\Users\User\Localplumberswecare\boiler-repairs-Nottingham.html","0"
"C:\Users\User\Localplumberswecare\boiler-repairs-Peterborough.html","0"
"C:\Users\User\Localplumberswecare\boiler-repairs-Portsmouth.html","0"
"C:\Users\User\Localplumberswecare\boiler-repairs-Sheffield.html","0"
"C:\Users\User\Localplumberswecare\boiler-repairs-St-Albans.html","0"
"C:\Users\User\Localplumberswecare\boiler-repairs-Wakefield.html","0"
"C:\Users\User\Localplumberswecare\boiler-repairs-Wolverhampton.html","0"
"C:\Users\User\Localplumberswecare\boiler-service-Birmingham.html","0"
"C:\Users\User\Localplumberswecare\boiler-service-Blackburn.html","0"
"C:\Users\User\Localplumberswecare\boiler-service-Blackpool.html","0"
"C:\Users\User\Localplumberswecare\boiler-service-Bradford.html","0"
"C:\Users\User\Localplumberswecare\boiler-service-Bristol.html","0"
"C:\Users\User\Localplumberswecare\boiler-service-Cardiff.html","0"
"C:\Users\User\Localplumberswecare\boiler-service-Chichester.html","0"
"C:\Users\User\Localplumberswecare\boiler-service-Coventry.html","0"
"C:\Users\User\Localplumberswecare\boiler-service-Derby.html","0"
"C:\Users\User\Localplumberswecare\boiler-service-Edinburgh.html","0"
"C:\Users\User\Localplumberswecare\boiler-service-Ely.html","0"
"C:\Users\User\Localplumberswecare\boiler-service-Exeter.html","0"
"C:\Users\User\Localplumberswecare\boiler-service-Glasgow.html","0"
"C:\Users\User\Localplumberswecare\boiler-service-Hereford.html","0"
"C:\Users\User\Localplumberswecare\boiler-service-Hull.html","0"
"C:\Users\User\Localplumberswecare\boiler-service-Inverness.html","0"
"C:\Users\User\Localplumberswecare\boiler-service-Kingston-upon-Thames.html","0"
"C:\Users\User\Localplumberswecare\boiler-service-Liverpool.html","0"
"C:\Users\User\Localplumberswecare\boiler-service-Londonderry.html","0"
"C:\Users\User\Localplumberswecare\boiler-service-Luton.html","0"
"C:\Users\User\Localplumberswecare\boiler-service-manchester-stockport.html","0"
"C:\Users\User\Localplumberswecare\boiler-service-Milton-Keynes.html","0"
"C:\Users\User\Localplumberswecare\boiler-service-Newcastle.html","0"
"C:\Users\User\Localplumberswecare\boiler-service-Nottingham.html","0"
"C:\Users\User\Localplumberswecare\boiler-service-Peterborough.html","0"
"C:\Users\User\Localplumberswecare\boiler-service-Portsmouth.html","0"
"C:\Users\User\Localplumberswecare\boiler-service-Sheffield.html","0"
"C:\Users\User\Localplumberswecare\boiler-service-St-Albans.html","0"
"C:\Users\User\Localplumberswecare\boiler-service-Wakefield.html","0"
"C:\Users\User\Localplumberswecare\bollington-plumbers.html","0"
"C:\Users\User\Localplumberswecare\bosley-plumbers.html","0"
"C:\Users\User\Localplumberswecare\bowdon-plumbers.html","0"
"C:\Users\User\Localplumberswecare\bradwall-plumbers.html","0"
"C:\Users\User\Localplumberswecare\bramhall-plumbers.html","0"
"C:\Users\User\Localplumberswecare\bredbury-plumbers.html","0"
"C:\Users\User\Localplumberswecare\brereton-plumbers.html","0"
"C:\Users\User\Localplumberswecare\brinnington-plumbers.html","0"
"C:\Users\User\Localplumberswecare\broadheath-plumbers.html","0"
"C:\Users\User\Localplumberswecare\brooklands-plumbers.html","0"
"C:\Users\User\Localplumberswecare\broughton-plumbers.html","0"
"C:\Users\User\Localplumberswecare\broxton-plumbers.html","0"
"C:\Users\User\Localplumberswecare\bruera-plumbers.html","0"
"C:\Users\User\Localplumberswecare\bucklow-hill-plumbers.html","0"
"C:\Users\User\Localplumberswecare\bucklow-st-martins-plumbers.html","0"
"C:\Users\User\Localplumberswecare\buerton-plumbers.html","0"
"C:\Users\User\Localplumberswecare\bunbury-plumbers.html","0"
"C:\Users\User\Localplumberswecare\burnage-plumbers.html","0"
"C:\Users\User\Localplumberswecare\burton-near-neston-plumbers.html","0"
"C:\Users\User\Localplumberswecare\burton-near-tarporley-plumbers.html","0"
"C:\Users\User\Localplumberswecare\burwardsley-plumbers.html","0"
"C:\Users\User\Localplumberswecare\byley-plumbers.html","0"
"C:\Users\User\Localplumberswecare\cadishead-plumbers.html","0"
"C:\Users\User\Localplumberswecare\cale-green-plumbers.html","0"
"C:\Users\User\Localplumberswecare\capenhurst-plumbers.html","0"
"C:\Users\User\Localplumberswecare\central-heating-repairs.html","0"
"C:\Users\User\Localplumberswecare\charlestown-plumbers.html","0"
"C:\Users\User\Localplumberswecare\cheadle-heath-plumbers.html","0"
"C:\Users\User\Localplumberswecare\cheadle-hulme-plumbers.html","0"
"C:\Users\User\Localplumberswecare\cheadle-plumbers.html","0"
"C:\Users\User\Localplumberswecare\cheetham-hill-plumbers.html","0"
"C:\Users\User\Localplumberswecare\chelford-plumbers.html","0"
"C:\Users\User\Localplumberswecare\cheshire-plumbers.html","0"
"C:\Users\User\Localplumberswecare\chester-plumbers.html","0"
"C:\Users\User\Localplumberswecare\cholmondeley-plumbers.html","0"
"C:\Users\User\Localplumberswecare\cholmondeston-plumbers.html","0"
"C:\Users\User\Localplumberswecare\chorley-plumbers.html","0"
"C:\Users\User\Localplumberswecare\chorlton-plumbers.html","0"
"C:\Users\User\Localplumberswecare\christleton-plumbers.html","0"
"C:\Users\User\Localplumberswecare\churton-plumbers.html","0"
"C:\Users\User\Localplumberswecare\clayton-plumbers.html","0"
"C:\Users\User\Localplumberswecare\clutton-plumbers.html","0"
"C:\Users\User\Localplumberswecare\coldhurst-plumbers.html","0"
"C:\Users\User\Localplumberswecare\collyhurst-plumbers.html","0"
"C:\Users\User\Localplumberswecare\comberbach-plumbers.html","0"
"C:\Users\User\Localplumberswecare\commercial-boiler-installation-manchester.html","0"
"C:\Users\User\Localplumberswecare\commercial-boiler-repairs-manchester.html","0"
"C:\Users\User\Localplumberswecare\commercial-drains.html","0"
"C:\Users\User\Localplumberswecare\Commercial-Plumbing-and-Heating.html","0"
"C:\Users\User\Localplumberswecare\complaints-procedure.html","0"
"C:\Users\User\Localplumberswecare\congleton-plumbers.html","0"
"C:\Users\User\Localplumberswecare\contact-Birmingham-plumbers.html","0"
"C:\Users\User\Localplumberswecare\contact-Blackburn-plumbers.html","0"
"C:\Users\User\Localplumberswecare\contact-Blackpool-plumbers.html","0"
"C:\Users\User\Localplumberswecare\contact-Bradford-plumbers.html","0"
"C:\Users\User\Localplumberswecare\contact-Bristol-plumbers.html","0"
"C:\Users\User\Localplumberswecare\contact-Cardiff-plumbers.html","0"
"C:\Users\User\Localplumberswecare\contact-Chichester-plumbers.html","0"
"C:\Users\User\Localplumberswecare\contact-Derby-plumbers.html","0"
"C:\Users\User\Localplumberswecare\contact-Edinburgh-plumbers.html","0"
"C:\Users\User\Localplumberswecare\contact-Ely-plumbers.html","0"
"C:\Users\User\Localplumberswecare\contact-Exeter-plumbers.html","0"
"C:\Users\User\Localplumberswecare\contact-Glasgow-plumbers.html","0"
"C:\Users\User\Localplumberswecare\contact-Hereford-plumbers.html","0"
"C:\Users\User\Localplumberswecare\contact-Hull-plumbers.html","0"
"C:\Users\User\Localplumberswecare\contact-Inverness-plumbers.html","0"
"C:\Users\User\Localplumberswecare\contact-Kingston-upon-Thames-plumbers.html","0"
"C:\Users\User\Localplumberswecare\contact-Liverpool-plumbers.html","0"
"C:\Users\User\Localplumberswecare\contact-Londonderry-plumbers.html","0"
"C:\Users\User\Localplumberswecare\contact-Luton-plumbers.html","0"
"C:\Users\User\Localplumberswecare\contact-Milton-Keynes-plumbers.html","0"
"C:\Users\User\Localplumberswecare\contact-Newcastle-plumbers.html","0"
"C:\Users\User\Localplumberswecare\contact-Nottingham-plumbers.html","0"
"C:\Users\User\Localplumberswecare\contact-Peterborough-plumbers.html","0"
"C:\Users\User\Localplumberswecare\contact-Portsmouth-plumbers.html","0"
"C:\Users\User\Localplumberswecare\contact-Sheffield-plumbers.html","0"
"C:\Users\User\Localplumberswecare\contact-St-Albans-plumbers.html","0"
"C:\Users\User\Localplumberswecare\contact-Wakefield-plumbers.html","0"
"C:\Users\User\Localplumberswecare\contact-Wolverhampton-plumbers.html","0"
"C:\Users\User\Localplumberswecare\contact.html","0"
"C:\Users\User\Localplumberswecare\contact.js","0"
"C:\Users\User\Localplumberswecare\contact.php","0"
"C:\Users\User\Localplumberswecare\coole-pilate-plumbers.html","0"
"C:\Users\User\Localplumberswecare\coppice-plumbers.html","0"
"C:\Users\User\Localplumberswecare\copster-hill-plumbers.html","0"
"C:\Users\User\Localplumberswecare\cranage-plumbers.html","0"
"C:\Users\User\Localplumberswecare\crewe-green-plumbers.html","0"
"C:\Users\User\Localplumberswecare\crewe-plumbers.html","0"
"C:\Users\User\Localplumberswecare\crowton-plumbers.html","0"
"C:\Users\User\Localplumberswecare\crumpsall-plumbers.html","0"
"C:\Users\User\Localplumberswecare\cuddington-plumbers.html","0"
"C:\Users\User\Localplumberswecare\custom.css","0"
"C:\Users\User\Localplumberswecare\daresbury-plumbers.html","0"
"C:\Users\User\Localplumberswecare\darnhall-plumbers.html","0"
"C:\Users\User\Localplumberswecare\davenham-plumbers.html","0"
"C:\Users\User\Localplumberswecare\davenport-plumbers.html","0"
"C:\Users\User\Localplumberswecare\davyhulme-east-plumbers.html","0"
"C:\Users\User\Localplumberswecare\davyhulme-west-plumbers.html","0"
"C:\Users\User\Localplumberswecare\dawpool-plumbers.html","0"
"C:\Users\User\Localplumberswecare\delamere-plumbers.html","0"
"C:\Users\User\Localplumberswecare\denton-plumbers.html","0"
"C:\Users\User\Localplumberswecare\derker-plumbers.html","0"
"C:\Users\User\Localplumberswecare\didsbury-plumbers.html","0"
"C:\Users\User\Localplumberswecare\disley-plumbers.html","0"
"C:\Users\User\Localplumberswecare\dodleston-plumbers.html","0"
"C:\Users\User\Localplumberswecare\droylsden-plumbers.html","0"
"C:\Users\User\Localplumberswecare\dukinfield-plumbers.html","0"
"C:\Users\User\Localplumberswecare\dunham-on-the-hill-plumbers.html","0"
"C:\Users\User\Localplumberswecare\dutton-plumbers.html","0"
"C:\Users\User\Localplumberswecare\eaton-plumbers.html","0"
"C:\Users\User\Localplumberswecare\eccles-plumbers.html","0"
"C:\Users\User\Localplumberswecare\eccleston-plumbers.html","0"
"C:\Users\User\Localplumberswecare\edgeley-plumbers.html","0"
"C:\Users\User\Localplumberswecare\ellesmere-port-plumbers.html","0"
"C:\Users\User\Localplumberswecare\elton-plumbers.html","0"
"C:\Users\User\Localplumberswecare\elworth-plumbers.html","0"
"C:\Users\User\Localplumberswecare\emergency-plumber-Coventry.html","0"
"C:\Users\User\Localplumberswecare\emergency-plumber-Manchester.html","0"
"C:\Users\User\Localplumberswecare\engineers.html","0"
"C:\Users\User\Localplumberswecare\engineers_steve.html","0"
"C:\Users\User\Localplumberswecare\englesea-brook-plumbers.html","0"
"C:\Users\User\Localplumberswecare\ettiley-heath-plumbers.html","0"
"C:\Users\User\Localplumberswecare\fallowfield-plumbers.html","0"
"C:\Users\User\Localplumberswecare\farndon-plumbers.html","0"
"C:\Users\User\Localplumberswecare\farnworth-plumbers.html","0"
"C:\Users\User\Localplumberswecare\fitton-hill-plumbers.html","0"
"C:\Users\User\Localplumberswecare\fitton-hills-plumbers.html","0"
"C:\Users\User\Localplumberswecare\flixton-plumbers.html","0"
"C:\Users\User\Localplumberswecare\freehold-plumbers.html","0"
"C:\Users\User\Localplumberswecare\frodsham-plumbers.html","0"
"C:\Users\User\Localplumberswecare\garden-suburbs-plumbers.html","0"
"C:\Users\User\Localplumberswecare\gatley-plumbers.html","0"
"C:\Users\User\Localplumberswecare\gawsworth-plumbers.html","0"
"C:\Users\User\Localplumberswecare\google3722133edbdde0ef.html","0"
"C:\Users\User\Localplumberswecare\google928e5008bbcc1e4a.html","0"
"C:\Users\User\Localplumberswecare\googlea6ad6b9eeed0542f.html","0"
"C:\Users\User\Localplumberswecare\googlecb3d2604deae7fe5.html","0"
"C:\Users\User\Localplumberswecare\goostrey-plumbers.html","0"
"C:\Users\User\Localplumberswecare\gorse-hill-plumbers.html","0"
"C:\Users\User\Localplumberswecare\gorton-plumbers.html","0"
"C:\Users\User\Localplumberswecare\grappenhall-plumbers.html","0"
"C:\Users\User\Localplumberswecare\great-budworth-plumbers.html","0"
"C:\Users\User\Localplumberswecare\great-sutton-plumbers.html","0"
"C:\Users\User\Localplumberswecare\great-warford-plumbers.html","0"
"C:\Users\User\Localplumberswecare\greenacres-plumbers.html","0"
"C:\Users\User\Localplumberswecare\guilden-sutton-plumbers.html","0"
"C:\Users\User\Localplumberswecare\hale-barns-plumbers.html","0"
"C:\Users\User\Localplumberswecare\hale-plumbers.html","0"
"C:\Users\User\Localplumberswecare\handforth-plumbers.html","0"
"C:\Users\User\Localplumberswecare\handley-plumbers.html","0"
"C:\Users\User\Localplumberswecare\hargrave-plumbers.html","0"
"C:\Users\User\Localplumberswecare\harpurhey-plumbers.html","0"
"C:\Users\User\Localplumberswecare\hartford-plumbers.html","0"
"C:\Users\User\Localplumberswecare\haslington-plumbers.html","0"
"C:\Users\User\Localplumberswecare\hathershaw-plumbers.html","0"
"C:\Users\User\Localplumberswecare\hatherton-plumbers.html","0"
"C:\Users\User\Localplumberswecare\hatton-plumbers.html","0"
"C:\Users\User\Localplumberswecare\hazel-grove-plumbers.html","0"
"C:\Users\User\Localplumberswecare\heald-green-plumbers.html","0"
"C:\Users\User\Localplumberswecare\heaton-chapel-plumbers.html","0"
"C:\Users\User\Localplumberswecare\heaton-mersey-plumbers.html","0"
"C:\Users\User\Localplumberswecare\heaton-moor-plumbers.html","0"
"C:\Users\User\Localplumberswecare\heaton-norris-plumbers.html","0"
"C:\Users\User\Localplumberswecare\helpful-info.html","0"
"C:\Users\User\Localplumberswecare\helsby-plumbers.html","0"
"C:\Users\User\Localplumberswecare\henbury-plumbers.html","0"
"C:\Users\User\Localplumberswecare\high-lane-plumbers.html","0"
"C:\Users\User\Localplumberswecare\high-legh-plumbers.html","0"
"C:\Users\User\Localplumberswecare\higher-whitley-plumbers.html","0"
"C:\Users\User\Localplumberswecare\hollins-plumbers.html","0"
"C:\Users\User\Localplumberswecare\hollinwood-plumbers.html","0"
"C:\Users\User\Localplumberswecare\holmes-chapel-plumbers.html","0"
"C:\Users\User\Localplumberswecare\hoole-plumbers.html","0"
"C:\Users\User\Localplumberswecare\hulme-plumbers.html","0"
"C:\Users\User\Localplumberswecare\hunsterson-plumbers.html","0"
"C:\Users\User\Localplumberswecare\huntington-plumbers.html","0"
"C:\Users\User\Localplumberswecare\huxley-plumbers.html","0"
"C:\Users\User\Localplumberswecare\hyde-plumbers.html","0"
"C:\Users\User\Localplumberswecare\ince-plumbers.html","0"
"C:\Users\User\Localplumberswecare\index.html","0"
"C:\Users\User\Localplumberswecare\info.html","0"
"C:\Users\User\Localplumberswecare\irlam-plumbers.html","0"
"C:\Users\User\Localplumberswecare\irwell-plumbers.html","0"
"C:\Users\User\Localplumberswecare\jobs.html","0"
"C:\Users\User\Localplumberswecare\kelsall-plumbers.html","0"
"C:\Users\User\Localplumberswecare\kerridge-plumbers.html","0"
"C:\Users\User\Localplumberswecare\kersal-plumbers.html","0"
"C:\Users\User\Localplumberswecare\kettleshulme-plumbers.html","0"
"C:\Users\User\Localplumberswecare\kingsley-plumbers.html","0"
"C:\Users\User\Localplumberswecare\kitchen-sink-plumbing.html","0"
"C:\Users\User\Localplumberswecare\knutsford-plumbers.html","0"
"C:\Users\User\Localplumberswecare\lacey-green-plumbers.html","0"
"C:\Users\User\Localplumberswecare\lach-dennis-plumbers.html","0"
"C:\Users\User\Localplumberswecare\langley-plumbers.html","0"
"C:\Users\User\Localplumberswecare\langworthy-plumbers.html","0"
"C:\Users\User\Localplumberswecare\latchford-plumbers.html","0"
"C:\Users\User\Localplumberswecare\ledsham-plumbers.html","0"
"C:\Users\User\Localplumberswecare\leftwich-plumbers.html","0"
"C:\Users\User\Localplumberswecare\levenshulme-plumbers.html","0"
"C:\Users\User\Localplumberswecare\limeside-plumbers.html","0"
"C:\Users\User\Localplumberswecare\little-bollington-plumbers.html","0"
"C:\Users\User\Localplumberswecare\little-budworth-plumbers.html","0"
"C:\Users\User\Localplumberswecare\little-hulton-plumbers.html","0"
"C:\Users\User\Localplumberswecare\little-leigh-plumbers.html","0"
"C:\Users\User\Localplumberswecare\little-neston-plumbers.html","0"
"C:\Users\User\Localplumberswecare\little-sutton-plumbers.html","0"
"C:\Users\User\Localplumberswecare\little-warford-plumbers.html","0"
"C:\Users\User\Localplumberswecare\littleton-plumbers.html","0"
"C:\Users\User\Localplumberswecare\locksmiths-sub-contractor-jobs.html","0"
"C:\Users\User\Localplumberswecare\longdendale-plumbers.html","0"
"C:\Users\User\Localplumberswecare\longford-plumbers.html","0"
"C:\Users\User\Localplumberswecare\longsight-plumbers.html","0"
"C:\Users\User\Localplumberswecare\lostock-gralam-plumbers.html","0"
"C:\Users\User\Localplumberswecare\lower-peover-plumbers.html","0"
"C:\Users\User\Localplumberswecare\lower-whitley-plumbers.html","0"
"C:\Users\User\Localplumberswecare\lower-withington-plumbers.html","0"
"C:\Users\User\Localplumberswecare\lymm-plumbers.html","0"
"C:\Users\User\Localplumberswecare\macclesfield-plumbers.html","0"
"C:\Users\User\Localplumberswecare\main.html","0"
"C:\Users\User\Localplumberswecare\malpas-plumbers.html","0"
"C:\Users\User\Localplumberswecare\manchester-commercial-boiler-service.html","0"
"C:\Users\User\Localplumberswecare\manchester-commercial-heating-services.html","0"
"C:\Users\User\Localplumberswecare\manchester-commercial-plumbers.html","0"
"C:\Users\User\Localplumberswecare\manchester-plumbers.html","0"
"C:\Users\User\Localplumberswecare\manley-plumbers.html","0"
"C:\Users\User\Localplumberswecare\marple-plumbers.html","0"
"C:\Users\User\Localplumberswecare\marston-plumbers.html","0"
"C:\Users\User\Localplumberswecare\marthall-plumbers.html","0"
"C:\Users\User\Localplumberswecare\marton-plumbers.html","0"
"C:\Users\User\Localplumberswecare\medhurst-green-plumbers.html","0"
"C:\Users\User\Localplumberswecare\mere-plumbers.html","0"
"C:\Users\User\Localplumberswecare\mickle-trafford-plumbers.html","0"
"C:\Users\User\Localplumberswecare\middlewich-plumbers.html","0"
"C:\Users\User\Localplumberswecare\miles-platting-plumbers.html","0"
"C:\Users\User\Localplumberswecare\millington-plumbers.html","0"
"C:\Users\User\Localplumberswecare\mobberley-plumbers.html","0"
"C:\Users\User\Localplumberswecare\mollington-plumbers.html","0"
"C:\Users\User\Localplumberswecare\monton-plumbers.html","0"
"C:\Users\User\Localplumberswecare\moore-plumbers.html","0"
"C:\Users\User\Localplumberswecare\moorside-plumbers.html","0"
"C:\Users\User\Localplumberswecare\moss-nook-plumbers.html","0"
"C:\Users\User\Localplumberswecare\moss-side-plumbers.html","0"
"C:\Users\User\Localplumberswecare\mossley-plumbers.html","0"
"C:\Users\User\Localplumberswecare\moston-plumbers.html","0"
"C:\Users\User\Localplumberswecare\mottram-st-andrew-plumbers.html","0"
"C:\Users\User\Localplumberswecare\mouldsworth-plumbers.html","0"
"C:\Users\User\Localplumberswecare\moulton-plumbers.html","0"
"C:\Users\User\Localplumberswecare\nantwich-plumbers.html","0"
"C:\Users\User\Localplumberswecare\ness-plumbers.html","0"
"C:\Users\User\Localplumberswecare\neston-plumbers.html","0"
"C:\Users\User\Localplumberswecare\nether-alderley-plumbers.html","0"
"C:\Users\User\Localplumberswecare\new-boiler-abbey-hills.html","0"
"C:\Users\User\Localplumberswecare\new-boiler-acton-bridge.html","0"
"C:\Users\User\Localplumberswecare\new-boiler-acton.html","0"
"C:\Users\User\Localplumberswecare\new-boiler-adlington.html","0"
"C:\Users\User\Localplumberswecare\new-boiler-agden-chester.html","0"
"C:\Users\User\Localplumberswecare\new-boiler-agden-macclesfield.html","0"
"C:\Users\User\Localplumberswecare\new-boiler-alderley-edge.html","0"
"C:\Users\User\Localplumberswecare\new-boiler-aldersey.html","0"
"C:\Users\User\Localplumberswecare\new-boiler-aldford.html","0"
"C:\Users\User\Localplumberswecare\new-boiler-allostock.html","0"
"C:\Users\User\Localplumberswecare\new-boiler-alpraham.html","0"
"C:\Users\User\Localplumberswecare\new-boiler-alsager.html","0"
"C:\Users\User\Localplumberswecare\new-boiler-altrincham.html","0"
"C:\Users\User\Localplumberswecare\new-boiler-alvanley.html","0"
"C:\Users\User\Localplumberswecare\new-boiler-ancoats.html","0"
"C:\Users\User\Localplumberswecare\new-boiler-anderton-with-marbury.html","0"
"C:\Users\User\Localplumberswecare\new-boiler-antrobus.html","0"
"C:\Users\User\Localplumberswecare\new-boiler-appleton-thorn.html","0"
"C:\Users\User\Localplumberswecare\new-boiler-arclid.html","0"
"C:\Users\User\Localplumberswecare\new-boiler-ardwick.html","0"
"C:\Users\User\Localplumberswecare\new-boiler-ashley.html","0"
"C:\Users\User\Localplumberswecare\new-boiler-ashton-hayes.html","0"
"C:\Users\User\Localplumberswecare\new-boiler-ashton-on-mersey.html","0"
"C:\Users\User\Localplumberswecare\new-boiler-ashton-under-lyne.html","0"
"C:\Users\User\Localplumberswecare\new-boiler-aston-by-budworth.html","0"
"C:\Users\User\Localplumberswecare\new-boiler-aston-by-sutton.html","0"
"C:\Users\User\Localplumberswecare\new-boiler-aston-juxtra-mondrum.html","0"
"C:\Users\User\Localplumberswecare\new-boiler-audenshaw.html","0"
"C:\Users\User\Localplumberswecare\new-boiler-audlem.html","0"
"C:\Users\User\Localplumberswecare\new-boiler-backford.html","0"
"C:\Users\User\Localplumberswecare\new-boiler-baddiley.html","0"
"C:\Users\User\Localplumberswecare\new-boiler-baguley.html","0"
"C:\Users\User\Localplumberswecare\new-boiler-bardsley.html","0"
"C:\Users\User\Localplumberswecare\new-boiler-barnton.html","0"
"C:\Users\User\Localplumberswecare\new-boiler-barthomley.html","0"
"C:\Users\User\Localplumberswecare\new-boiler-batherton.html","0"
"C:\Users\User\Localplumberswecare\new-boiler-beeston.html","0"
"C:\Users\User\Localplumberswecare\new-boiler-beswick.html","0"
"C:\Users\User\Localplumberswecare\new-boiler-bexton.html","0"
"C:\Users\User\Localplumberswecare\new-boiler-bickerton.html","0"
"C:\Users\User\Localplumberswecare\new-boiler-blackley.html","0"
"C:\Users\User\Localplumberswecare\new-boiler-blacon.html","0"
"C:\Users\User\Localplumberswecare\new-boiler-bollington.html","0"
"C:\Users\User\Localplumberswecare\new-boiler-bosley.html","0"
"C:\Users\User\Localplumberswecare\new-boiler-bowdon.html","0"
"C:\Users\User\Localplumberswecare\new-boiler-bradwall.html","0"
"C:\Users\User\Localplumberswecare\new-boiler-bramhall.html","0"
"C:\Users\User\Localplumberswecare\new-boiler-bredbury.html","0"
"C:\Users\User\Localplumberswecare\new-boiler-brereton.html","0"
"C:\Users\User\Localplumberswecare\new-boiler-brinnington.html","0"
"C:\Users\User\Localplumberswecare\new-boiler-broadheath.html","0"
"C:\Users\User\Localplumberswecare\new-boiler-brooklands.html","0"
"C:\Users\User\Localplumberswecare\new-boiler-broxton.html","0"
"C:\Users\User\Localplumberswecare\new-boiler-bruera.html","0"
"C:\Users\User\Localplumberswecare\new-boiler-bucklow-hill.html","0"
"C:\Users\User\Localplumberswecare\new-boiler-bucklow-st-martins.html","0"
"C:\Users\User\Localplumberswecare\new-boiler-buerton.html","0"
"C:\Users\User\Localplumberswecare\new-boiler-bunbury.html","0"
"C:\Users\User\Localplumberswecare\new-boiler-burnage.html","0"
"C:\Users\User\Localplumberswecare\new-boiler-burton-near-neston.html","0"
"C:\Users\User\Localplumberswecare\new-boiler-burton-near-tarporley.html","0"
"C:\Users\User\Localplumberswecare\new-boiler-burwardsley.html","0"
"C:\Users\User\Localplumberswecare\new-boiler-byley.html","0"
"C:\Users\User\Localplumberswecare\new-boiler-cale-green.html","0"
"C:\Users\User\Localplumberswecare\new-boiler-capenhurst.html","0"
"C:\Users\User\Localplumberswecare\new-boiler-charlestown.html","0"
"C:\Users\User\Localplumberswecare\new-boiler-cheadle-heath.html","0"
"C:\Users\User\Localplumberswecare\new-boiler-cheadle-hulme.html","0"
"C:\Users\User\Localplumberswecare\new-boiler-cheadle.html","0"
"C:\Users\User\Localplumberswecare\new-boiler-cheetham-hill.html","0"
"C:\Users\User\Localplumberswecare\new-boiler-chelford.html","0"
"C:\Users\User\Localplumberswecare\new-boiler-chester.html","0"
"C:\Users\User\Localplumberswecare\new-boiler-cholmondeley.html","0"
"C:\Users\User\Localplumberswecare\new-boiler-cholmondeston.html","0"
"C:\Users\User\Localplumberswecare\new-boiler-chorley.html","0"
"C:\Users\User\Localplumberswecare\new-boiler-chorlton.html","0"
"C:\Users\User\Localplumberswecare\new-boiler-christleton.html","0"
"C:\Users\User\Localplumberswecare\new-boiler-churton.html","0"
"C:\Users\User\Localplumberswecare\new-boiler-clayton.html","0"
"C:\Users\User\Localplumberswecare\new-boiler-clutton.html","0"
"C:\Users\User\Localplumberswecare\new-boiler-coldhurst.html","0"
"C:\Users\User\Localplumberswecare\new-boiler-collyhurst.html","0"
"C:\Users\User\Localplumberswecare\new-boiler-comberbach.html","0"
"C:\Users\User\Localplumberswecare\new-boiler-congleton.html","0"
"C:\Users\User\Localplumberswecare\new-boiler-coole-pilate.html","0"
"C:\Users\User\Localplumberswecare\new-boiler-coppice.html","0"
"C:\Users\User\Localplumberswecare\new-boiler-copster-hill.html","0"
"C:\Users\User\Localplumberswecare\new-boiler-cranage.html","0"
"C:\Users\User\Localplumberswecare\new-boiler-crewe-green.html","0"
"C:\Users\User\Localplumberswecare\new-boiler-crewe.html","0"
"C:\Users\User\Localplumberswecare\new-boiler-crowton.html","0"
"C:\Users\User\Localplumberswecare\new-boiler-crumpsall.html","0"
"C:\Users\User\Localplumberswecare\new-boiler-cuddington.html","0"
"C:\Users\User\Localplumberswecare\new-boiler-daresbury.html","0"
"C:\Users\User\Localplumberswecare\new-boiler-darnhall.html","0"
"C:\Users\User\Localplumberswecare\new-boiler-davenham.html","0"
"C:\Users\User\Localplumberswecare\new-boiler-davenport.html","0"
"C:\Users\User\Localplumberswecare\new-boiler-davyhulme-east.html","0"
"C:\Users\User\Localplumberswecare\new-boiler-davyhulme-west.html","0"
"C:\Users\User\Localplumberswecare\new-boiler-dawpool.html","0"
"C:\Users\User\Localplumberswecare\new-boiler-delamere.html","0"
"C:\Users\User\Localplumberswecare\new-boiler-denton.html","0"
"C:\Users\User\Localplumberswecare\new-boiler-derker.html","0"
"C:\Users\User\Localplumberswecare\new-boiler-didsbury.html","0"
"C:\Users\User\Localplumberswecare\new-boiler-disley.html","0"
"C:\Users\User\Localplumberswecare\new-boiler-dodleston.html","0"
"C:\Users\User\Localplumberswecare\new-boiler-droylsden.html","0"
"C:\Users\User\Localplumberswecare\new-boiler-dukinfield.html","0"
"C:\Users\User\Localplumberswecare\new-boiler-dunham-on-the-hill.html","0"
"C:\Users\User\Localplumberswecare\new-boiler-dutton.html","0"
"C:\Users\User\Localplumberswecare\new-boiler-eaton.html","0"
"C:\Users\User\Localplumberswecare\new-boiler-eccleston.html","0"
"C:\Users\User\Localplumberswecare\new-boiler-edgeley.html","0"
"C:\Users\User\Localplumberswecare\new-boiler-ellesmere-port.html","0"
"C:\Users\User\Localplumberswecare\new-boiler-elton.html","0"
"C:\Users\User\Localplumberswecare\new-boiler-elworth.html","0"
"C:\Users\User\Localplumberswecare\new-boiler-englesea-brook.html","0"
"C:\Users\User\Localplumberswecare\new-boiler-ettiley-heath.html","0"
"C:\Users\User\Localplumberswecare\new-boiler-fallowfield.html","0"
"C:\Users\User\Localplumberswecare\new-boiler-farndon.html","0"
"C:\Users\User\Localplumberswecare\new-boiler-farnworth.html","0"
"C:\Users\User\Localplumberswecare\new-boiler-fitton-hill.html","0"
"C:\Users\User\Localplumberswecare\new-boiler-flixton.html","0"
"C:\Users\User\Localplumberswecare\new-boiler-freehold.html","0"
"C:\Users\User\Localplumberswecare\new-boiler-frodsham.html","0"
"C:\Users\User\Localplumberswecare\new-boiler-garden-suburbs.html","0"
"C:\Users\User\Localplumberswecare\new-boiler-gatley.html","0"
"C:\Users\User\Localplumberswecare\new-boiler-gawsworth.html","0"
"C:\Users\User\Localplumberswecare\new-boiler-goostrey.html","0"
"C:\Users\User\Localplumberswecare\new-boiler-gorse-hill.html","0"
"C:\Users\User\Localplumberswecare\new-boiler-gorton.html","0"
"C:\Users\User\Localplumberswecare\new-boiler-grappenhall.html","0"
"C:\Users\User\Localplumberswecare\new-boiler-great-budworth.html","0"
"C:\Users\User\Localplumberswecare\new-boiler-great-sutton.html","0"
"C:\Users\User\Localplumberswecare\new-boiler-great-warford.html","0"
"C:\Users\User\Localplumberswecare\new-boiler-greenacres.html","0"
"C:\Users\User\Localplumberswecare\new-boiler-guilden-sutton.html","0"
"C:\Users\User\Localplumberswecare\new-boiler-hale-barns.html","0"
"C:\Users\User\Localplumberswecare\new-boiler-hale.html","0"
"C:\Users\User\Localplumberswecare\new-boiler-handforth.html","0"
"C:\Users\User\Localplumberswecare\new-boiler-handley.html","0"
"C:\Users\User\Localplumberswecare\new-boiler-hargrave.html","0"
"C:\Users\User\Localplumberswecare\new-boiler-harpurhey.html","0"
"C:\Users\User\Localplumberswecare\new-boiler-hartford.html","0"
"C:\Users\User\Localplumberswecare\new-boiler-haslington.html","0"
"C:\Users\User\Localplumberswecare\new-boiler-hathershaw.html","0"
"C:\Users\User\Localplumberswecare\new-boiler-hatherton.html","0"
"C:\Users\User\Localplumberswecare\new-boiler-hatton.html","0"
"C:\Users\User\Localplumberswecare\new-boiler-hazel-grove.html","0"
"C:\Users\User\Localplumberswecare\new-boiler-heald-green.html","0"
"C:\Users\User\Localplumberswecare\new-boiler-heaton-chapel.html","0"
"C:\Users\User\Localplumberswecare\new-boiler-heaton-mersey.html","0"
"C:\Users\User\Localplumberswecare\new-boiler-heaton-moor.html","0"
"C:\Users\User\Localplumberswecare\new-boiler-heaton-norris.html","0"
"C:\Users\User\Localplumberswecare\new-boiler-helsby.html","0"
"C:\Users\User\Localplumberswecare\new-boiler-henbury.html","0"
"C:\Users\User\Localplumberswecare\new-boiler-high-lane.html","0"
"C:\Users\User\Localplumberswecare\new-boiler-high-legh.html","0"
"C:\Users\User\Localplumberswecare\new-boiler-higher-whitley.html","0"
"C:\Users\User\Localplumberswecare\new-boiler-hollins.html","0"
"C:\Users\User\Localplumberswecare\new-boiler-hollinwood.html","0"
"C:\Users\User\Localplumberswecare\new-boiler-holmes-chapel.html","0"
"C:\Users\User\Localplumberswecare\new-boiler-hoole.html","0"
"C:\Users\User\Localplumberswecare\new-boiler-hulme.html","0"
"C:\Users\User\Localplumberswecare\new-boiler-hunsterson.html","0"
"C:\Users\User\Localplumberswecare\new-boiler-huntington.html","0"
"C:\Users\User\Localplumberswecare\new-boiler-huxley.html","0"
"C:\Users\User\Localplumberswecare\new-boiler-hyde.html","0"
"C:\Users\User\Localplumberswecare\new-boiler-ince.html","0"
"C:\Users\User\Localplumberswecare\new-boiler-kelsall.html","0"
"C:\Users\User\Localplumberswecare\new-boiler-kerridge.html","0"
"C:\Users\User\Localplumberswecare\new-boiler-kettleshulme.html","0"
"C:\Users\User\Localplumberswecare\new-boiler-kingsley.html","0"
"C:\Users\User\Localplumberswecare\new-boiler-knutsford.html","0"
"C:\Users\User\Localplumberswecare\new-boiler-lacey-green.html","0"
"C:\Users\User\Localplumberswecare\new-boiler-lach-dennis.html","0"
"C:\Users\User\Localplumberswecare\new-boiler-langley.html","0"
"C:\Users\User\Localplumberswecare\new-boiler-latchford.html","0"
"C:\Users\User\Localplumberswecare\new-boiler-ledsham.html","0"
"C:\Users\User\Localplumberswecare\new-boiler-leftwich.html","0"
"C:\Users\User\Localplumberswecare\new-boiler-levenshulme.html","0"
"C:\Users\User\Localplumberswecare\new-boiler-limeside.html","0"
"C:\Users\User\Localplumberswecare\new-boiler-little-bollington.html","0"
"C:\Users\User\Localplumberswecare\new-boiler-little-budworth.html","0"
"C:\Users\User\Localplumberswecare\new-boiler-little-leigh.html","0"
"C:\Users\User\Localplumberswecare\new-boiler-little-neston.html","0"
"C:\Users\User\Localplumberswecare\new-boiler-little-sutton.html","0"
"C:\Users\User\Localplumberswecare\new-boiler-little-warford.html","0"
"C:\Users\User\Localplumberswecare\new-boiler-littleton.html","0"
"C:\Users\User\Localplumberswecare\new-boiler-longdendale.html","0"
"C:\Users\User\Localplumberswecare\new-boiler-longford.html","0"
"C:\Users\User\Localplumberswecare\new-boiler-longsight.html","0"
"C:\Users\User\Localplumberswecare\new-boiler-lostock-gralam.html","0"
"C:\Users\User\Localplumberswecare\new-boiler-lower-peover.html","0"
"C:\Users\User\Localplumberswecare\new-boiler-lower-whitley.html","0"
"C:\Users\User\Localplumberswecare\new-boiler-lower-withington.html","0"
"C:\Users\User\Localplumberswecare\new-boiler-lymm.html","0"
"C:\Users\User\Localplumberswecare\new-boiler-macclesfield.html","0"
"C:\Users\User\Localplumberswecare\new-boiler-malpas.html","0"
"C:\Users\User\Localplumberswecare\new-boiler-manchester.html","0"
"C:\Users\User\Localplumberswecare\new-boiler-manley.html","0"
"C:\Users\User\Localplumberswecare\new-boiler-marple.html","0"
"C:\Users\User\Localplumberswecare\new-boiler-marston.html","0"
"C:\Users\User\Localplumberswecare\new-boiler-marthall.html","0"
"C:\Users\User\Localplumberswecare\new-boiler-marton.html","0"
"C:\Users\User\Localplumberswecare\new-boiler-medhurst-green.html","0"
"C:\Users\User\Localplumberswecare\new-boiler-mere.html","0"
"C:\Users\User\Localplumberswecare\new-boiler-mickle-trafford.html","0"
"C:\Users\User\Localplumberswecare\new-boiler-middlewich.html","0"
"C:\Users\User\Localplumberswecare\new-boiler-miles-platting.html","0"
"C:\Users\User\Localplumberswecare\new-boiler-millington.html","0"
"C:\Users\User\Localplumberswecare\new-boiler-mobberley.html","0"
"C:\Users\User\Localplumberswecare\new-boiler-mollington.html","0"
"C:\Users\User\Localplumberswecare\new-boiler-moore.html","0"
"C:\Users\User\Localplumberswecare\new-boiler-moorside.html","0"
"C:\Users\User\Localplumberswecare\new-boiler-moss-nook.html","0"
"C:\Users\User\Localplumberswecare\new-boiler-moss-side.html","0"
"C:\Users\User\Localplumberswecare\new-boiler-mossley.html","0"
"C:\Users\User\Localplumberswecare\new-boiler-moston.html","0"
"C:\Users\User\Localplumberswecare\new-boiler-mottram-st-andrew.html","0"
"C:\Users\User\Localplumberswecare\new-boiler-mouldsworth.html","0"
"C:\Users\User\Localplumberswecare\new-boiler-moulton.html","0"
"C:\Users\User\Localplumberswecare\new-boiler-nantwich.html","0"
"C:\Users\User\Localplumberswecare\new-boiler-ness.html","0"
"C:\Users\User\Localplumberswecare\new-boiler-neston.html","0"
"C:\Users\User\Localplumberswecare\new-boiler-nether-alderley.html","0"
"C:\Users\User\Localplumberswecare\new-boiler-newall-green.html","0"
"C:\Users\User\Localplumberswecare\new-boiler-newbold-astbury.html","0"
"C:\Users\User\Localplumberswecare\new-boiler-newton-heath.html","0"
"C:\Users\User\Localplumberswecare\new-boiler-newton.html","0"
"C:\Users\User\Localplumberswecare\new-boiler-norley.html","0"
"C:\Users\User\Localplumberswecare\new-boiler-north-rode.html","0"
"C:\Users\User\Localplumberswecare\new-boiler-northenden.html","0"
"C:\Users\User\Localplumberswecare\new-boiler-northern-moor.html","0"
"C:\Users\User\Localplumberswecare\new-boiler-northwich.html","0"
"C:\Users\User\Localplumberswecare\new-boiler-oakhanger.html","0"
"C:\Users\User\Localplumberswecare\new-boiler-oakmere.html","0"
"C:\Users\User\Localplumberswecare\new-boiler-occlestone.html","0"
"C:\Users\User\Localplumberswecare\new-boiler-offerton.html","0"
"C:\Users\User\Localplumberswecare\new-boiler-oldham-mumps.html","0"
"C:\Users\User\Localplumberswecare\new-boiler-oldham.html","0"
"C:\Users\User\Localplumberswecare\new-boiler-ollerton.html","0"
"C:\Users\User\Localplumberswecare\new-boiler-openshaw.html","0"
"C:\Users\User\Localplumberswecare\new-boiler-over-alderley.html","0"
"C:\Users\User\Localplumberswecare\new-boiler-over-peover.html","0"
"C:\Users\User\Localplumberswecare\new-boiler-over.html","0"
"C:\Users\User\Localplumberswecare\new-boiler-parkgate.html","0"
"C:\Users\User\Localplumberswecare\new-boiler-peckforton.html","0"
"C:\Users\User\Localplumberswecare\new-boiler-peel-hall.html","0"
"C:\Users\User\Localplumberswecare\new-boiler-pickmere.html","0"
"C:\Users\User\Localplumberswecare\new-boiler-plemstall.html","0"
"C:\Users\User\Localplumberswecare\new-boiler-plumley.html","0"
"C:\Users\User\Localplumberswecare\new-boiler-pott-shrigley.html","0"
"C:\Users\User\Localplumberswecare\new-boiler-poynton.html","0"
"C:\Users\User\Localplumberswecare\new-boiler-prestbury.html","0"
"C:\Users\User\Localplumberswecare\new-boiler-preston-brook.html","0"
"C:\Users\User\Localplumberswecare\new-boiler-puddington.html","0"
"C:\Users\User\Localplumberswecare\new-boiler-rainow.html","0"
"C:\Users\User\Localplumberswecare\new-boiler-reddish.html","0"
"C:\Users\User\Localplumberswecare\new-boiler-rhuddall-heath.html","0"
"C:\Users\User\Localplumberswecare\new-boiler-rode-heath.html","0"
"C:\Users\User\Localplumberswecare\new-boiler-romiley.html","0"
"C:\Users\User\Localplumberswecare\new-boiler-rostherne.html","0"
"C:\Users\User\Localplumberswecare\new-boiler-rowton.html","0"
"C:\Users\User\Localplumberswecare\new-boiler-rudheath.html","0"
"C:\Users\User\Localplumberswecare\new-boiler-runcorn.html","0"
"C:\Users\User\Localplumberswecare\new-boiler-rusholme.html","0"
"C:\Users\User\Localplumberswecare\new-boiler-rushton.html","0"
"C:\Users\User\Localplumberswecare\new-boiler-saighton.html","0"
"C:\Users\User\Localplumberswecare\new-boiler-sale-moor.html","0"
"C:\Users\User\Localplumberswecare\new-boiler-sale.html","0"
"C:\Users\User\Localplumberswecare\new-boiler-sandbach.html","0"
"C:\Users\User\Localplumberswecare\new-boiler-sandiway.html","0"
"C:\Users\User\Localplumberswecare\new-boiler-saughall.html","0"
"C:\Users\User\Localplumberswecare\new-boiler-scholar-green.html","0"
"C:\Users\User\Localplumberswecare\new-boiler-sharston.html","0"
"C:\Users\User\Localplumberswecare\new-boiler-shavington.html","0"
"C:\Users\User\Localplumberswecare\new-boiler-shocklach.html","0"
"C:\Users\User\Localplumberswecare\new-boiler-sholver.html","0"
"C:\Users\User\Localplumberswecare\new-boiler-shotwick.html","0"
"C:\Users\User\Localplumberswecare\new-boiler-siddington.html","0"
"C:\Users\User\Localplumberswecare\new-boiler-snelson.html","0"
"C:\Users\User\Localplumberswecare\new-boiler-sproston.html","0"
"C:\Users\User\Localplumberswecare\new-boiler-stalybridge.html","0"
"C:\Users\User\Localplumberswecare\new-boiler-stanthorne.html","0"
"C:\Users\User\Localplumberswecare\new-boiler-stapeley.html","0"
"C:\Users\User\Localplumberswecare\new-boiler-stoak.html","0"
"C:\Users\User\Localplumberswecare\new-boiler-stockport.html","0"
"C:\Users\User\Localplumberswecare\new-boiler-stockton-heath.html","0"
"C:\Users\User\Localplumberswecare\new-boiler-stretford.html","0"
"C:\Users\User\Localplumberswecare\new-boiler-stretton.html","0"
"C:\Users\User\Localplumberswecare\new-boiler-styal.html","0"
"C:\Users\User\Localplumberswecare\new-boiler-sutton-weaver.html","0"
"C:\Users\User\Localplumberswecare\new-boiler-sutton.html","0"
"C:\Users\User\Localplumberswecare\new-boiler-swettenham.html","0"
"C:\Users\User\Localplumberswecare\new-boiler-tabley-inferior.html","0"
"C:\Users\User\Localplumberswecare\new-boiler-tabley-superior.html","0"
"C:\Users\User\Localplumberswecare\new-boiler-tarporley.html","0"
"C:\Users\User\Localplumberswecare\new-boiler-tarvin.html","0"
"C:\Users\User\Localplumberswecare\new-boiler-tattenhall.html","0"
"C:\Users\User\Localplumberswecare\new-boiler-tatton.html","0"
"C:\Users\User\Localplumberswecare\new-boiler-thornton-le-moors.html","0"
"C:\Users\User\Localplumberswecare\new-boiler-threapwood.html","0"
"C:\Users\User\Localplumberswecare\new-boiler-tilston.html","0"
"C:\Users\User\Localplumberswecare\new-boiler-timbersbrook.html","0"
"C:\Users\User\Localplumberswecare\new-boiler-timperley.html","0"
"C:\Users\User\Localplumberswecare\new-boiler-tiverton.html","0"
"C:\Users\User\Localplumberswecare\new-boiler-toft.html","0"
"C:\Users\User\Localplumberswecare\new-boiler-tranmere.html","0"
"C:\Users\User\Localplumberswecare\new-boiler-tushingham.html","0"
"C:\Users\User\Localplumberswecare\new-boiler-upton.html","0"
"C:\Users\User\Localplumberswecare\new-boiler-urmston.html","0"
"C:\Users\User\Localplumberswecare\new-boiler-utkinton.html","0"
"C:\Users\User\Localplumberswecare\new-boiler-vicars-cross.html","0"
"C:\Users\User\Localplumberswecare\new-boiler-warmingham.html","0"
"C:\Users\User\Localplumberswecare\new-boiler-warrington.html","0"
"C:\Users\User\Localplumberswecare\new-boiler-waterhead.html","0"
"C:\Users\User\Localplumberswecare\new-boiler-waverton.html","0"
"C:\Users\User\Localplumberswecare\new-boiler-weaverham.html","0"
"C:\Users\User\Localplumberswecare\new-boiler-werneth.html","0"
"C:\Users\User\Localplumberswecare\new-boiler-wervin.html","0"
"C:\Users\User\Localplumberswecare\new-boiler-westminster.html","0"
"C:\Users\User\Localplumberswecare\new-boiler-weston-runcorn.html","0"
"C:\Users\User\Localplumberswecare\new-boiler-weston.html","0"
"C:\Users\User\Localplumberswecare\new-boiler-westwood.html","0"
"C:\Users\User\Localplumberswecare\new-boiler-wettenhall.html","0"
"C:\Users\User\Localplumberswecare\new-boiler-whalley-range.html","0"
"C:\Users\User\Localplumberswecare\new-boiler-wheelock.html","0"
"C:\Users\User\Localplumberswecare\new-boiler-whitegate.html","0"
"C:\Users\User\Localplumberswecare\new-boiler-widnes.html","0"
"C:\Users\User\Localplumberswecare\new-boiler-willaston-near-neston.html","0"
"C:\Users\User\Localplumberswecare\new-boiler-willaston.html","0"
"C:\Users\User\Localplumberswecare\new-boiler-wilmslow.html","0"
"C:\Users\User\Localplumberswecare\new-boiler-wimboldsley.html","0"
"C:\Users\User\Localplumberswecare\new-boiler-wincham.html","0"
"C:\Users\User\Localplumberswecare\new-boiler-winsford.html","0"
"C:\Users\User\Localplumberswecare\new-boiler-winterley.html","0"
"C:\Users\User\Localplumberswecare\new-boiler-wirral-peninsula.html","0"
"C:\Users\User\Localplumberswecare\new-boiler-wistaston.html","0"
"C:\Users\User\Localplumberswecare\new-boiler-withington.html","0"
"C:\Users\User\Localplumberswecare\new-boiler-woodford.html","0"
"C:\Users\User\Localplumberswecare\new-boiler-woodhouse-park.html","0"
"C:\Users\User\Localplumberswecare\new-boiler-woodley.html","0"
"C:\Users\User\Localplumberswecare\new-boiler-woolstanwood.html","0"
"C:\Users\User\Localplumberswecare\new-boiler-wrenbury.html","0"
"C:\Users\User\Localplumberswecare\new-boiler-wybunbury.html","0"
"C:\Users\User\Localplumberswecare\new-boiler-wythenshawe.html","0"
"C:\Users\User\Localplumberswecare\new-boiler.html","0"
"C:\Users\User\Localplumberswecare\newall-green-plumbers.html","0"
"C:\Users\User\Localplumberswecare\newall-green.html","0"
"C:\Users\User\Localplumberswecare\newbold-astbury-plumbers.html","0"
"C:\Users\User\Localplumberswecare\newton-heath-plumbers.html","0"
"C:\Users\User\Localplumberswecare\newton-plumbers.html","0"
"C:\Users\User\Localplumberswecare\norley-plumbers.html","0"
"C:\Users\User\Localplumberswecare\north-rode-plumbers.html","0"
"C:\Users\User\Localplumberswecare\northenden-plumbers.html","0"
"C:\Users\User\Localplumberswecare\northern-moor-plumbers.html","0"
"C:\Users\User\Localplumberswecare\northwich-plumbers.html","0"
"C:\Users\User\Localplumberswecare\oakhanger-plumbers.html","0"
"C:\Users\User\Localplumberswecare\oakmere-plumbers.html","0"
"C:\Users\User\Localplumberswecare\occlestone-plumbers.html","0"
"C:\Users\User\Localplumberswecare\offerton-plumbers.html","0"
"C:\Users\User\Localplumberswecare\oldham-mumps-plumbers.html","0"
"C:\Users\User\Localplumberswecare\oldham-plumbers.html","0"
"C:\Users\User\Localplumberswecare\ollerton-plumbers.html","0"
"C:\Users\User\Localplumberswecare\openshaw-plumbers.html","0"
"C:\Users\User\Localplumberswecare\ordsall-plumbers.html","0"
"C:\Users\User\Localplumberswecare\over-alderley-plumbers.html","0"
"C:\Users\User\Localplumberswecare\over-peover-plumbers.html","0"
"C:\Users\User\Localplumberswecare\over-plumbers.html","0"
"C:\Users\User\Localplumberswecare\parkgate-plumbers.html","0"
"C:\Users\User\Localplumberswecare\peckforton-plumbers.html","0"
"C:\Users\User\Localplumberswecare\peel-hall-plumbers.html","0"
"C:\Users\User\Localplumberswecare\pendlebury-plumbers.html","0"
"C:\Users\User\Localplumberswecare\pickmere-plumbers.html","0"
"C:\Users\User\Localplumberswecare\plemstall-plumbers.html","0"
"C:\Users\User\Localplumberswecare\plumbing-and-heating-engineer-sub-contractor-jobs.html","0"
"C:\Users\User\Localplumberswecare\plumley-plumbers.html","0"
"C:\Users\User\Localplumberswecare\pott-shrigley-plumbers.html","0"
"C:\Users\User\Localplumberswecare\poynton-plumbers.html","0"
"C:\Users\User\Localplumberswecare\prestbury-plumbers.html","0"
"C:\Users\User\Localplumberswecare\preston-brook-plumbers.html","0"
"C:\Users\User\Localplumberswecare\preston-brook.html","0"
"C:\Users\User\Localplumberswecare\privacy-policy.html","0"
"C:\Users\User\Localplumberswecare\project.html","0"
"C:\Users\User\Localplumberswecare\puddington-plumbers.html","0"
"C:\Users\User\Localplumberswecare\rainow-plumbers.html","0"
"C:\Users\User\Localplumberswecare\reddish-plumbers.html","0"
"C:\Users\User\Localplumberswecare\rhuddall-heath-plumbers.html","0"
"C:\Users\User\Localplumberswecare\rhuddall-plumbers.html","0"
"C:\Users\User\Localplumberswecare\rode-heath-plumbers.html","0"
"C:\Users\User\Localplumberswecare\romiley-plumbers.html","0"
"C:\Users\User\Localplumberswecare\rostherne-plumbers.html","0"
"C:\Users\User\Localplumberswecare\rowton-plumbers.html","0"
"C:\Users\User\Localplumberswecare\rudheath-plumbers.html","0"
"C:\Users\User\Localplumberswecare\runcorn-plumbers.html","0"
"C:\Users\User\Localplumberswecare\rusholme-plumbers.html","0"
"C:\Users\User\Localplumberswecare\rushton-plumbers.html","0"
"C:\Users\User\Localplumberswecare\saighton-plumbers.html","0"
"C:\Users\User\Localplumberswecare\sale-moor-plumbers.html","0"
"C:\Users\User\Localplumberswecare\sale-plumbers.html","0"
"C:\Users\User\Localplumberswecare\salford-plumbers.html","0"
"C:\Users\User\Localplumberswecare\salford-quays-plumbers.html","0"
"C:\Users\User\Localplumberswecare\sandbach-plumbers.html","0"
"C:\Users\User\Localplumberswecare\sandiway-plumbers.html","0"
"C:\Users\User\Localplumberswecare\saughall-plumbers.html","0"
"C:\Users\User\Localplumberswecare\scholar-green-plumbers.html","0"
"C:\Users\User\Localplumberswecare\seedley-plumbers.html","0"
"C:\Users\User\Localplumberswecare\services.html","0"
"C:\Users\User\Localplumberswecare\sharston-plumbers.html","0"
"C:\Users\User\Localplumberswecare\shavington-plumbers.html","0"
"C:\Users\User\Localplumberswecare\shocklach-plumbers.html","0"
"C:\Users\User\Localplumberswecare\sholver-plumbers.html","0"
"C:\Users\User\Localplumberswecare\shotwick-plumbers.html","0"
"C:\Users\User\Localplumberswecare\siddington-plumbers.html","0"
"C:\Users\User\Localplumberswecare\sitemap.html","0"
"C:\Users\User\Localplumberswecare\sitemap.xml","0"
"C:\Users\User\Localplumberswecare\snelson-plumbers.html","0"
"C:\Users\User\Localplumberswecare\sproston-plumbers.html","0"
"C:\Users\User\Localplumberswecare\stalybridge-plumbers.html","0"
"C:\Users\User\Localplumberswecare\stanthorne-plumbers.html","0"
"C:\Users\User\Localplumberswecare\stapeley-plumbers.html","0"
"C:\Users\User\Localplumberswecare\stoak-plumbers.html","0"
"C:\Users\User\Localplumberswecare\stockport-plumbers.html","0"
"C:\Users\User\Localplumberswecare\stockton-heath-plumbers.html","0"
"C:\Users\User\Localplumberswecare\stretford-plumbers.html","0"
"C:\Users\User\Localplumberswecare\stretton-plumbers.html","0"
"C:\Users\User\Localplumberswecare\styal-plumbers.html","0"
"C:\Users\User\Localplumberswecare\sutton-plumbers.html","0"
"C:\Users\User\Localplumberswecare\sutton-weaver-plumbers.html","0"
"C:\Users\User\Localplumberswecare\swettenham-plumbers.html","0"
"C:\Users\User\Localplumberswecare\swinton-plumbers.html","0"
"C:\Users\User\Localplumberswecare\tabley-inferior.html","0"
"C:\Users\User\Localplumberswecare\tabley-superior-plumbers.html","0"
"C:\Users\User\Localplumberswecare\tameside-plumbers.html","0"
"C:\Users\User\Localplumberswecare\tap-repairs-and-installations.html","0"
"C:\Users\User\Localplumberswecare\tarporley-plumbers.html","0"
"C:\Users\User\Localplumberswecare\tarvin-plumbers.html","0"
"C:\Users\User\Localplumberswecare\tattenhall-plumbers.html","0"
"C:\Users\User\Localplumberswecare\tatton-plumbers.html","0"
"C:\Users\User\Localplumberswecare\terms-conditions.html","0"
"C:\Users\User\Localplumberswecare\thank-you.html","0"
"C:\Users\User\Localplumberswecare\thornton-le-moors-plumbers.html","0"
"C:\Users\User\Localplumberswecare\threapwood-plumbers.html","0"
"C:\Users\User\Localplumberswecare\thronton-le-woods-plumbers.html","0"
"C:\Users\User\Localplumberswecare\tilston-plumbers.html","0"
"C:\Users\User\Localplumberswecare\timbersbrook-plumbers.html","0"
"C:\Users\User\Localplumberswecare\timperley-plumbers.html","0"
"C:\Users\User\Localplumberswecare\tiverton-plumbers.html","0"
"C:\Users\User\Localplumberswecare\toft-plumbers.html","0"
"C:\Users\User\Localplumberswecare\toilet-repairs-installs.html","0"
"C:\Users\User\Localplumberswecare\trafford-plumbers.html","0"
"C:\Users\User\Localplumberswecare\tranmere-plumbers.html","0"
"C:\Users\User\Localplumberswecare\tushingham-plumbers.html","0"
"C:\Users\User\Localplumberswecare\upton-plumbers.html","0"
"C:\Users\User\Localplumberswecare\urmston-plumbers.html","0"
"C:\Users\User\Localplumberswecare\utkinton-plumbers.html","0"
"C:\Users\User\Localplumberswecare\vicars-cross-plumbers.html","0"
"C:\Users\User\Localplumberswecare\walkden-plumbers.html","0"
"C:\Users\User\Localplumberswecare\warmingham-plumbers.html","0"
"C:\Users\User\Localplumberswecare\warrington-plumbers.html","0"
"C:\Users\User\Localplumberswecare\waterhead-plumbers.html","0"
"C:\Users\User\Localplumberswecare\waverton-plumbers.html","0"
"C:\Users\User\Localplumberswecare\weaste-plumbers.html","0"
"C:\Users\User\Localplumberswecare\weaverham-plumbers.html","0"
"C:\Users\User\Localplumberswecare\werneth-plumbers.html","0"
"C:\Users\User\Localplumberswecare\wervin-plumbers.html","0"
"C:\Users\User\Localplumberswecare\westminster-plumbers.html","0"
"C:\Users\User\Localplumberswecare\weston-plumbers.html","0"
"C:\Users\User\Localplumberswecare\weston-runcorn-plumbers.html","0"
"C:\Users\User\Localplumberswecare\westwood-plumbers.html","0"
"C:\Users\User\Localplumberswecare\wettenhall-plumbers.html","0"
"C:\Users\User\Localplumberswecare\whalley-range-plumbers.html","0"
"C:\Users\User\Localplumberswecare\wheelock-plumbers.html","0"
"C:\Users\User\Localplumberswecare\whitegate-plumbers.html","0"
"C:\Users\User\Localplumberswecare\widnes-plumbers.html","0"
"C:\Users\User\Localplumberswecare\willaston-near-neston-plumbers.html","0"
"C:\Users\User\Localplumberswecare\willaston-plumbers.html","0"
"C:\Users\User\Localplumberswecare\wilmslow-plumbers.html","0"
"C:\Users\User\Localplumberswecare\wimboldsley-plumbers.html","0"
"C:\Users\User\Localplumberswecare\wincham-plumbers.html","0"
"C:\Users\User\Localplumberswecare\window-installers-sub-contractor-jobs.html","0"
"C:\Users\User\Localplumberswecare\winsford-plumbers.html","0"
"C:\Users\User\Localplumberswecare\winterley-plumbers.html","0"
"C:\Users\User\Localplumberswecare\winton-plumbers.html","0"
"C:\Users\User\Localplumberswecare\wirral-peninsula-plumbers.html","0"
"C:\Users\User\Localplumberswecare\wistaston-plumbers.html","0"
"C:\Users\User\Localplumberswecare\withington-plumbers.html","0"
"C:\Users\User\Localplumberswecare\woodford-plumbers.html","0"
"C:\Users\User\Localplumberswecare\woodhouse-park-plumbers.html","0"
"C:\Users\User\Localplumberswecare\woodley-plumbers.html","0"
"C:\Users\User\Localplumberswecare\woolstanwood-plumbers.html","0"
"C:\Users\User\Localplumberswecare\worsley-plumbers.html","0"
"C:\Users\User\Localplumberswecare\wrenbury-plumbers.html","0"
"C:\Users\User\Localplumberswecare\wybunbury-plumbers.html","0"
"C:\Users\User\Localplumberswecare\wythenshawe-plumbers.html","0"
